,danceability,energy,key,loudness,mode,speechiness,acousticness,instrumentalness,liveness,valence,tempo,type,id,uri,track_href,analysis_url,duration_ms,time_signature
0,0.591,0.764,1,-5.484,1,0.0483,0.0383,0.0,0.103,0.478,169.928,audio_features,5PjdY0CKGZdEuoNab3yDmX,spotify:track:5PjdY0CKGZdEuoNab3yDmX,https://api.spotify.com/v1/tracks/5PjdY0CKGZdEuoNab3yDmX,https://api.spotify.com/v1/audio-analysis/5PjdY0CKGZdEuoNab3yDmX,141806,4
1,0.741,0.691,10,-7.395,0,0.0672,0.0221,0.0,0.0476,0.892,150.087,audio_features,5Z9KJZvQzH6PFmb8SNkxuk,spotify:track:5Z9KJZvQzH6PFmb8SNkxuk,https://api.spotify.com/v1/tracks/5Z9KJZvQzH6PFmb8SNkxuk,https://api.spotify.com/v1/audio-analysis/5Z9KJZvQzH6PFmb8SNkxuk,212353,4
2,0.761,0.525,11,-6.9,1,0.0944,0.44,6.7e-06,0.0921,0.531,80.87,audio_features,02MWAaffLxlfxAUY7c5dvx,spotify:track:02MWAaffLxlfxAUY7c5dvx,https://api.spotify.com/v1/tracks/02MWAaffLxlfxAUY7c5dvx,https://api.spotify.com/v1/audio-analysis/02MWAaffLxlfxAUY7c5dvx,238805,4
3,0.588,0.701,9,-6.39,1,0.0402,0.00813,0.0,0.2,0.443,104.988,audio_features,3FeVmId7tL5YN8B7R3imoM,spotify:track:3FeVmId7tL5YN8B7R3imoM,https://api.spotify.com/v1/tracks/3FeVmId7tL5YN8B7R3imoM,https://api.spotify.com/v1/audio-analysis/3FeVmId7tL5YN8B7R3imoM,228000,4
4,0.808,0.897,11,-3.712,0,0.0348,0.0469,3.14e-05,0.364,0.591,126.026,audio_features,6PQ88X9TkUIAUIZJHW2upE,spotify:track:6PQ88X9TkUIAUIZJHW2upE,https://api.spotify.com/v1/tracks/6PQ88X9TkUIAUIZJHW2upE,https://api.spotify.com/v1/audio-analysis/6PQ88X9TkUIAUIZJHW2upE,231041,4
5,0.762,0.766,7,-3.955,1,0.0343,0.00776,6.98e-05,0.128,0.442,130.001,audio_features,5fwSHlTEWpluwOM0Sxnh5k,spotify:track:5fwSHlTEWpluwOM0Sxnh5k,https://api.spotify.com/v1/tracks/5fwSHlTEWpluwOM0Sxnh5k,https://api.spotify.com/v1/audio-analysis/5fwSHlTEWpluwOM0Sxnh5k,287120,4
6,0.824,0.764,5,-4.175,0,0.0854,0.0888,0.00294,0.117,0.881,107.998,audio_features,6Uj1ctrBOjOas8xZXGqKk4,spotify:track:6Uj1ctrBOjOas8xZXGqKk4,https://api.spotify.com/v1/tracks/6Uj1ctrBOjOas8xZXGqKk4,https://api.spotify.com/v1/audio-analysis/6Uj1ctrBOjOas8xZXGqKk4,172627,4
7,0.788,0.859,2,-2.724,1,0.0856,0.281,0.0,0.0424,0.822,141.02,audio_features,75MNhvTCCKsST3YqqUiU9r,spotify:track:75MNhvTCCKsST3YqqUiU9r,https://api.spotify.com/v1/tracks/75MNhvTCCKsST3YqqUiU9r,https://api.spotify.com/v1/audio-analysis/75MNhvTCCKsST3YqqUiU9r,207853,4
8,0.737,0.846,1,-4.51,0,0.22,0.00614,0.0,0.0486,0.546,87.981,audio_features,0e8nrvls4Qqv5Rfa2UhqmO,spotify:track:0e8nrvls4Qqv5Rfa2UhqmO,https://api.spotify.com/v1/tracks/0e8nrvls4Qqv5Rfa2UhqmO,https://api.spotify.com/v1/audio-analysis/0e8nrvls4Qqv5Rfa2UhqmO,143901,4
9,0.714,0.8,11,-4.808,0,0.0504,0.127,0.0,0.359,0.589,134.002,audio_features,3Wrjm47oTz2sjIgck11l5e,spotify:track:3Wrjm47oTz2sjIgck11l5e,https://api.spotify.com/v1/tracks/3Wrjm47oTz2sjIgck11l5e,https://api.spotify.com/v1/audio-analysis/3Wrjm47oTz2sjIgck11l5e,211560,4
10,0.563,0.664,9,-5.044,1,0.154,0.335,0.0,0.0849,0.688,166.928,audio_features,4ZtFanR9U6ndgddUvNcjcG,spotify:track:4ZtFanR9U6ndgddUvNcjcG,https://api.spotify.com/v1/tracks/4ZtFanR9U6ndgddUvNcjcG,https://api.spotify.com/v1/audio-analysis/4ZtFanR9U6ndgddUvNcjcG,178147,4
11,0.593,0.503,8,-6.725,0,0.22,0.293,0.0,0.405,0.71,178.781,audio_features,1SC5rEoYDGUK4NfG82494W,spotify:track:1SC5rEoYDGUK4NfG82494W,https://api.spotify.com/v1/tracks/1SC5rEoYDGUK4NfG82494W,https://api.spotify.com/v1/audio-analysis/1SC5rEoYDGUK4NfG82494W,137704,4
12,0.727,0.739,8,-3.805,1,0.0411,0.365,0.00137,0.161,0.533,93.005,audio_features,2Xr1dTzJee307rmrkt8c0g,spotify:track:2Xr1dTzJee307rmrkt8c0g,https://api.spotify.com/v1/tracks/2Xr1dTzJee307rmrkt8c0g,https://api.spotify.com/v1/audio-analysis/2Xr1dTzJee307rmrkt8c0g,145800,4
13,0.332,0.225,0,-8.697,1,0.0348,0.767,0.00349,0.128,0.297,81.055,audio_features,4RVwu0g32PAqgUiJoXsdF8,spotify:track:4RVwu0g32PAqgUiJoXsdF8,https://api.spotify.com/v1/tracks/4RVwu0g32PAqgUiJoXsdF8,https://api.spotify.com/v1/audio-analysis/4RVwu0g32PAqgUiJoXsdF8,298899,3
14,0.796,0.798,1,-6.312,1,0.0317,0.034,4.19e-05,0.0952,0.942,116.032,audio_features,6zSpb8dQRaw0M1dK8PBwQz,spotify:track:6zSpb8dQRaw0M1dK8PBwQz,https://api.spotify.com/v1/tracks/6zSpb8dQRaw0M1dK8PBwQz,https://api.spotify.com/v1/audio-analysis/6zSpb8dQRaw0M1dK8PBwQz,202735,4
15,0.664,0.609,1,-6.509,1,0.0707,0.304,0.0,0.0926,0.194,130.041,audio_features,3Vi5XqYrmQgOYBajMWSvCi,spotify:track:3Vi5XqYrmQgOYBajMWSvCi,https://api.spotify.com/v1/tracks/3Vi5XqYrmQgOYBajMWSvCi,https://api.spotify.com/v1/audio-analysis/3Vi5XqYrmQgOYBajMWSvCi,210560,4
16,0.7,0.49,0,-5.187,1,0.076,0.186,0.0,0.117,0.569,79.982,audio_features,0eu4C55hL6x29mmeAjytzC,spotify:track:0eu4C55hL6x29mmeAjytzC,https://api.spotify.com/v1/tracks/0eu4C55hL6x29mmeAjytzC,https://api.spotify.com/v1/audio-analysis/0eu4C55hL6x29mmeAjytzC,161803,4
17,0.803,0.597,11,-6.035,0,0.141,0.000619,4.5e-06,0.323,0.331,136.008,audio_features,0k1WUmIRnG3xU6fvvDVfRG,spotify:track:0k1WUmIRnG3xU6fvvDVfRG,https://api.spotify.com/v1/tracks/0k1WUmIRnG3xU6fvvDVfRG,https://api.spotify.com/v1/audio-analysis/0k1WUmIRnG3xU6fvvDVfRG,257605,4
18,0.579,0.596,8,-4.823,1,0.0561,0.436,0.0938,0.0549,0.443,119.9,audio_features,4gvrJnKCKIPiacNsWVQwEU,spotify:track:4gvrJnKCKIPiacNsWVQwEU,https://api.spotify.com/v1/tracks/4gvrJnKCKIPiacNsWVQwEU,https://api.spotify.com/v1/audio-analysis/4gvrJnKCKIPiacNsWVQwEU,188369,3
19,0.764,0.705,8,-3.463,1,0.0284,0.259,8.92e-05,0.12,0.781,110.97,audio_features,3DarAbFujv6eYNliUTyqtz,spotify:track:3DarAbFujv6eYNliUTyqtz,https://api.spotify.com/v1/tracks/3DarAbFujv6eYNliUTyqtz,https://api.spotify.com/v1/audio-analysis/3DarAbFujv6eYNliUTyqtz,208667,4
20,0.831,0.554,1,-9.998,0,0.218,0.161,6.12e-05,0.152,0.396,140.026,audio_features,7hU3IHwjX150XLoTVmjD0q,spotify:track:7hU3IHwjX150XLoTVmjD0q,https://api.spotify.com/v1/tracks/7hU3IHwjX150XLoTVmjD0q,https://api.spotify.com/v1/audio-analysis/7hU3IHwjX150XLoTVmjD0q,168228,4
21,0.666,0.465,1,-8.545,1,0.26,0.0503,0.0,0.215,0.292,167.937,audio_features,40iJIUlhi6renaREYGeIDS,spotify:track:40iJIUlhi6renaREYGeIDS,https://api.spotify.com/v1/tracks/40iJIUlhi6renaREYGeIDS,https://api.spotify.com/v1/audio-analysis/40iJIUlhi6renaREYGeIDS,291175,4
22,0.644,0.648,1,-4.601,1,0.118,0.276,0.0,0.135,0.44,179.951,audio_features,2JPLbjOn0wPCngEot2STUS,spotify:track:2JPLbjOn0wPCngEot2STUS,https://api.spotify.com/v1/tracks/2JPLbjOn0wPCngEot2STUS,https://api.spotify.com/v1/audio-analysis/2JPLbjOn0wPCngEot2STUS,206710,4
23,0.849,0.424,5,-9.579,0,0.324,0.0635,0.0,0.0834,0.153,145.887,audio_features,2BcMwX1MPV6ZHP4tUT9uq6,spotify:track:2BcMwX1MPV6ZHP4tUT9uq6,https://api.spotify.com/v1/tracks/2BcMwX1MPV6ZHP4tUT9uq6,https://api.spotify.com/v1/audio-analysis/2BcMwX1MPV6ZHP4tUT9uq6,242966,4
24,0.78,0.719,3,-3.613,0,0.0506,0.302,0.000196,0.0931,0.336,127.962,audio_features,5RwV8BvLfX5injfqYodke9,spotify:track:5RwV8BvLfX5injfqYodke9,https://api.spotify.com/v1/tracks/5RwV8BvLfX5injfqYodke9,https://api.spotify.com/v1/audio-analysis/5RwV8BvLfX5injfqYodke9,199604,4
25,0.38,0.339,3,-7.885,1,0.0338,0.691,0.0,0.12,0.0849,100.607,audio_features,5CZ40GBx1sQ9agT82CLQCT,spotify:track:5CZ40GBx1sQ9agT82CLQCT,https://api.spotify.com/v1/tracks/5CZ40GBx1sQ9agT82CLQCT,https://api.spotify.com/v1/audio-analysis/5CZ40GBx1sQ9agT82CLQCT,229227,4
26,0.702,0.825,6,-3.787,0,0.0601,0.00883,0.0,0.0674,0.915,102.977,audio_features,5nujrmhLynf4yMoMtj8AQF,spotify:track:5nujrmhLynf4yMoMtj8AQF,https://api.spotify.com/v1/tracks/5nujrmhLynf4yMoMtj8AQF,https://api.spotify.com/v1/audio-analysis/5nujrmhLynf4yMoMtj8AQF,203064,4
27,0.725,0.86,1,-3.726,1,0.182,0.422,0.000284,0.0674,0.791,175.896,audio_features,2vmfvSoZBFAt9hhRoEByLi,spotify:track:2vmfvSoZBFAt9hhRoEByLi,https://api.spotify.com/v1/tracks/2vmfvSoZBFAt9hhRoEByLi,https://api.spotify.com/v1/audio-analysis/2vmfvSoZBFAt9hhRoEByLi,230125,4
28,0.806,0.653,8,-6.283,1,0.0902,0.0282,0.000784,0.107,0.85,150.058,audio_features,7uQZVznj0uQOGC9KhV2Mg6,spotify:track:7uQZVznj0uQOGC9KhV2Mg6,https://api.spotify.com/v1/tracks/7uQZVznj0uQOGC9KhV2Mg6,https://api.spotify.com/v1/audio-analysis/7uQZVznj0uQOGC9KhV2Mg6,200690,4
29,0.924,0.723,8,-3.142,1,0.0466,0.0177,2.61e-05,0.113,0.643,126.998,audio_features,1q0PYXTbDsirp2l74ng6pn,spotify:track:1q0PYXTbDsirp2l74ng6pn,https://api.spotify.com/v1/tracks/1q0PYXTbDsirp2l74ng6pn,https://api.spotify.com/v1/audio-analysis/1q0PYXTbDsirp2l74ng6pn,130667,4
30,0.677,0.696,0,-6.181,1,0.119,0.321,0.0,0.42,0.464,90.03,audio_features,4iJyoBOLtHqaGxP12qzhQI,spotify:track:4iJyoBOLtHqaGxP12qzhQI,https://api.spotify.com/v1/tracks/4iJyoBOLtHqaGxP12qzhQI,https://api.spotify.com/v1/audio-analysis/4iJyoBOLtHqaGxP12qzhQI,198082,4
31,0.747,0.739,8,-6.008,1,0.0487,0.0106,2.22e-05,0.101,0.523,120.996,audio_features,6M3PsepEj5gyJoIi7Xvr7u,spotify:track:6M3PsepEj5gyJoIi7Xvr7u,https://api.spotify.com/v1/tracks/6M3PsepEj5gyJoIi7Xvr7u,https://api.spotify.com/v1/audio-analysis/6M3PsepEj5gyJoIi7Xvr7u,220196,4
32,0.773,0.47,2,-7.93,1,0.0299,0.0153,0.000193,0.0851,0.399,94.995,audio_features,07MDkzWARZaLEdKxo6yArG,spotify:track:07MDkzWARZaLEdKxo6yArG,https://api.spotify.com/v1/tracks/07MDkzWARZaLEdKxo6yArG,https://api.spotify.com/v1/audio-analysis/07MDkzWARZaLEdKxo6yArG,162680,4
33,0.514,0.73,1,-5.934,1,0.0598,0.00146,9.54e-05,0.0897,0.334,171.005,audio_features,0VjIjW4GlUZAMYd2vXMi3b,spotify:track:0VjIjW4GlUZAMYd2vXMi3b,https://api.spotify.com/v1/tracks/0VjIjW4GlUZAMYd2vXMi3b,https://api.spotify.com/v1/audio-analysis/0VjIjW4GlUZAMYd2vXMi3b,200040,4
34,0.903,0.817,8,-3.972,1,0.095,0.0272,0.000311,0.242,0.732,102.014,audio_features,6D2TCm4nf5nxAcdGJ7w3QP,spotify:track:6D2TCm4nf5nxAcdGJ7w3QP,https://api.spotify.com/v1/tracks/6D2TCm4nf5nxAcdGJ7w3QP,https://api.spotify.com/v1/audio-analysis/6D2TCm4nf5nxAcdGJ7w3QP,217360,4
35,0.767,0.438,7,-8.726,0,0.29,0.181,0.0,0.142,0.381,86.975,audio_features,37Nqx7iavZpotJSDXZWbJ3,spotify:track:37Nqx7iavZpotJSDXZWbJ3,https://api.spotify.com/v1/tracks/37Nqx7iavZpotJSDXZWbJ3,https://api.spotify.com/v1/audio-analysis/37Nqx7iavZpotJSDXZWbJ3,221980,4
36,0.65,0.825,0,-4.645,1,0.0325,0.0215,2.44e-05,0.0936,0.593,118.091,audio_features,37BZB0z9T8Xu7U3e65qxFy,spotify:track:37BZB0z9T8Xu7U3e65qxFy,https://api.spotify.com/v1/tracks/37BZB0z9T8Xu7U3e65qxFy,https://api.spotify.com/v1/audio-analysis/37BZB0z9T8Xu7U3e65qxFy,191014,4
37,0.75,0.608,1,-4.008,1,0.0387,0.00165,0.0,0.178,0.958,132.507,audio_features,4pt5fDVTg5GhEvEtlz9dKk,spotify:track:4pt5fDVTg5GhEvEtlz9dKk,https://api.spotify.com/v1/tracks/4pt5fDVTg5GhEvEtlz9dKk,https://api.spotify.com/v1/audio-analysis/4pt5fDVTg5GhEvEtlz9dKk,173347,4
38,0.587,0.561,0,-6.569,1,0.146,0.0466,0.0,0.109,0.351,80.009,audio_features,0RbW8kWozrVSIGb4V13o0o,spotify:track:0RbW8kWozrVSIGb4V13o0o,https://api.spotify.com/v1/tracks/0RbW8kWozrVSIGb4V13o0o,https://api.spotify.com/v1/audio-analysis/0RbW8kWozrVSIGb4V13o0o,243187,4
39,0.561,0.431,10,-8.81,1,0.0578,0.768,1.42e-05,0.106,0.137,143.875,audio_features,5wANPM4fQCJwkGd4rN57mH,spotify:track:5wANPM4fQCJwkGd4rN57mH,https://api.spotify.com/v1/tracks/5wANPM4fQCJwkGd4rN57mH,https://api.spotify.com/v1/audio-analysis/5wANPM4fQCJwkGd4rN57mH,242013,4
40,0.77,0.787,11,-3.748,0,0.0583,0.198,0.0,0.262,0.513,119.986,audio_features,0bI7K9Becu2dtXK1Q3cZNB,spotify:track:0bI7K9Becu2dtXK1Q3cZNB,https://api.spotify.com/v1/tracks/0bI7K9Becu2dtXK1Q3cZNB,https://api.spotify.com/v1/audio-analysis/0bI7K9Becu2dtXK1Q3cZNB,140500,4
41,0.829,0.512,6,-5.865,0,0.187,0.492,0.0,0.12,0.638,80.511,audio_features,4XvcHTUfIlWfyJTRG0aqlo,spotify:track:4XvcHTUfIlWfyJTRG0aqlo,https://api.spotify.com/v1/tracks/4XvcHTUfIlWfyJTRG0aqlo,https://api.spotify.com/v1/audio-analysis/4XvcHTUfIlWfyJTRG0aqlo,123987,4
42,0.765,0.625,9,-3.599,0,0.0548,0.584,0.00111,0.112,0.262,102.101,audio_features,3PwRuzdphgedcWVUOVYJ7I,spotify:track:3PwRuzdphgedcWVUOVYJ7I,https://api.spotify.com/v1/tracks/3PwRuzdphgedcWVUOVYJ7I,https://api.spotify.com/v1/audio-analysis/3PwRuzdphgedcWVUOVYJ7I,164706,4
43,0.759,0.842,8,-3.758,1,0.096,0.101,0.0,0.134,0.584,105.059,audio_features,3JCaq3KDSROg3TXhdiDa9n,spotify:track:3JCaq3KDSROg3TXhdiDa9n,https://api.spotify.com/v1/tracks/3JCaq3KDSROg3TXhdiDa9n,https://api.spotify.com/v1/audio-analysis/3JCaq3KDSROg3TXhdiDa9n,263253,4
44,0.671,0.636,6,-8.117,0,0.103,0.515,0.000411,0.172,0.262,120.966,audio_features,3uUuGVFu1V7jTQL60S1r8z,spotify:track:3uUuGVFu1V7jTQL60S1r8z,https://api.spotify.com/v1/tracks/3uUuGVFu1V7jTQL60S1r8z,https://api.spotify.com/v1/audio-analysis/3uUuGVFu1V7jTQL60S1r8z,148197,4
45,0.759,0.459,8,-5.187,1,0.0948,0.00323,0.0,0.0906,0.695,109.997,audio_features,2bgTY4UwhfBYhGT4HUYStN,spotify:track:2bgTY4UwhfBYhGT4HUYStN,https://api.spotify.com/v1/tracks/2bgTY4UwhfBYhGT4HUYStN,https://api.spotify.com/v1/audio-analysis/2bgTY4UwhfBYhGT4HUYStN,164442,4
46,0.912,0.655,8,-6.029,0,0.162,0.315,3.39e-05,0.0894,0.793,91.942,audio_features,0W6I02J9xcqK8MtSeosEXb,spotify:track:0W6I02J9xcqK8MtSeosEXb,https://api.spotify.com/v1/tracks/0W6I02J9xcqK8MtSeosEXb,https://api.spotify.com/v1/audio-analysis/0W6I02J9xcqK8MtSeosEXb,138293,4
47,0.762,0.77,5,-2.758,1,0.223,0.138,0.0,0.15,0.631,177.998,audio_features,4HzqWEdAbzcVFDv0pvxV4w,spotify:track:4HzqWEdAbzcVFDv0pvxV4w,https://api.spotify.com/v1/tracks/4HzqWEdAbzcVFDv0pvxV4w,https://api.spotify.com/v1/audio-analysis/4HzqWEdAbzcVFDv0pvxV4w,201181,4
48,0.442,0.612,2,-7.222,1,0.112,0.584,5.7e-06,0.37,0.178,180.917,audio_features,6HU7h9RYOaPRFeh0R3UeAr,spotify:track:6HU7h9RYOaPRFeh0R3UeAr,https://api.spotify.com/v1/tracks/6HU7h9RYOaPRFeh0R3UeAr,https://api.spotify.com/v1/audio-analysis/6HU7h9RYOaPRFeh0R3UeAr,215507,4
49,0.583,0.67,8,-7.289,1,0.0646,0.0374,0.0001,0.126,0.498,140.061,audio_features,1Ov37jtRQ2YNAe8HzfczkL,spotify:track:1Ov37jtRQ2YNAe8HzfczkL,https://api.spotify.com/v1/tracks/1Ov37jtRQ2YNAe8HzfczkL,https://api.spotify.com/v1/audio-analysis/1Ov37jtRQ2YNAe8HzfczkL,220433,4
50,0.787,0.833,8,-4.403,1,0.0478,0.018,0.00747,0.0374,0.796,123.97,audio_features,6Dy1jexKYriXAVG6evyUTJ,spotify:track:6Dy1jexKYriXAVG6evyUTJ,https://api.spotify.com/v1/tracks/6Dy1jexKYriXAVG6evyUTJ,https://api.spotify.com/v1/audio-analysis/6Dy1jexKYriXAVG6evyUTJ,162604,4
51,0.659,0.688,6,-4.649,1,0.0673,0.207,0.0,0.113,0.632,153.979,audio_features,0G2zPzWqVjR68iNPmx2TBe,spotify:track:0G2zPzWqVjR68iNPmx2TBe,https://api.spotify.com/v1/tracks/0G2zPzWqVjR68iNPmx2TBe,https://api.spotify.com/v1/audio-analysis/0G2zPzWqVjR68iNPmx2TBe,273474,4
52,0.743,0.655,6,-5.015,0,0.159,0.114,0.0,0.0764,0.785,172.031,audio_features,05bfbizlM5AX6Mf1RRyMho,spotify:track:05bfbizlM5AX6Mf1RRyMho,https://api.spotify.com/v1/tracks/05bfbizlM5AX6Mf1RRyMho,https://api.spotify.com/v1/audio-analysis/05bfbizlM5AX6Mf1RRyMho,261335,4
53,0.711,0.611,1,-5.453,1,0.33,0.00588,0.0,0.23,0.144,134.093,audio_features,3QFInJAm9eyaho5vBzxInN,spotify:track:3QFInJAm9eyaho5vBzxInN,https://api.spotify.com/v1/tracks/3QFInJAm9eyaho5vBzxInN,https://api.spotify.com/v1/audio-analysis/3QFInJAm9eyaho5vBzxInN,252262,4
54,0.666,0.796,10,-6.967,0,0.103,0.0492,0.0,0.0442,0.61,110.108,audio_features,1058fW9H3fZA6QjYCdOBad,spotify:track:1058fW9H3fZA6QjYCdOBad,https://api.spotify.com/v1/tracks/1058fW9H3fZA6QjYCdOBad,https://api.spotify.com/v1/audio-analysis/1058fW9H3fZA6QjYCdOBad,164842,4
55,0.57,0.455,1,-5.748,0,0.0996,0.441,0.000746,0.0654,0.399,167.933,audio_features,4bF2y8rR7GUjrd5LNEvej3,spotify:track:4bF2y8rR7GUjrd5LNEvej3,https://api.spotify.com/v1/tracks/4bF2y8rR7GUjrd5LNEvej3,https://api.spotify.com/v1/audio-analysis/4bF2y8rR7GUjrd5LNEvej3,151429,4
56,0.548,0.816,0,-4.209,1,0.0465,0.122,0.0,0.335,0.557,95.39,audio_features,6UelLqGlWMcVH1E5c4H7lY,spotify:track:6UelLqGlWMcVH1E5c4H7lY,https://api.spotify.com/v1/tracks/6UelLqGlWMcVH1E5c4H7lY,https://api.spotify.com/v1/audio-analysis/6UelLqGlWMcVH1E5c4H7lY,174000,4
57,0.612,0.807,10,-2.81,1,0.0336,0.0495,0.0177,0.101,0.398,124.053,audio_features,2QjOHCTQ1Jl3zawyYOpxh6,spotify:track:2QjOHCTQ1Jl3zawyYOpxh6,https://api.spotify.com/v1/tracks/2QjOHCTQ1Jl3zawyYOpxh6,https://api.spotify.com/v1/audio-analysis/2QjOHCTQ1Jl3zawyYOpxh6,240400,4
58,0.734,0.846,9,-3.425,0,0.0489,0.166,1.74e-06,0.235,0.604,98.026,audio_features,2BEcap3xJtmiPaHKyfQi4e,spotify:track:2BEcap3xJtmiPaHKyfQi4e,https://api.spotify.com/v1/tracks/2BEcap3xJtmiPaHKyfQi4e,https://api.spotify.com/v1/audio-analysis/2BEcap3xJtmiPaHKyfQi4e,209884,4
59,0.702,0.741,9,-5.33,1,0.0427,0.00544,0.0,0.337,0.646,124.925,audio_features,5eXBXreN3d1zdj6Sa8dS0u,spotify:track:5eXBXreN3d1zdj6Sa8dS0u,https://api.spotify.com/v1/tracks/5eXBXreN3d1zdj6Sa8dS0u,https://api.spotify.com/v1/audio-analysis/5eXBXreN3d1zdj6Sa8dS0u,187585,4
60,0.614,0.318,7,-12.695,1,0.0478,0.896,0.00239,0.0795,0.112,119.959,audio_features,04sN26COy28wTXYj3dMoiZ,spotify:track:04sN26COy28wTXYj3dMoiZ,https://api.spotify.com/v1/tracks/04sN26COy28wTXYj3dMoiZ,https://api.spotify.com/v1/audio-analysis/04sN26COy28wTXYj3dMoiZ,180933,4
61,0.586,0.616,5,-7.964,1,0.0324,0.182,0.0,0.0927,0.719,148.088,audio_features,7MAibcTli4IisCtbHKrGMh,spotify:track:7MAibcTli4IisCtbHKrGMh,https://api.spotify.com/v1/tracks/7MAibcTli4IisCtbHKrGMh,https://api.spotify.com/v1/audio-analysis/7MAibcTli4IisCtbHKrGMh,242096,4
62,0.731,0.573,4,-10.059,0,0.0544,0.401,5.22e-05,0.113,0.145,109.928,audio_features,4MzXwWMhyBbmu6hOcLVD49,spotify:track:4MzXwWMhyBbmu6hOcLVD49,https://api.spotify.com/v1/tracks/4MzXwWMhyBbmu6hOcLVD49,https://api.spotify.com/v1/audio-analysis/4MzXwWMhyBbmu6hOcLVD49,205090,4
63,0.395,0.443,6,-9.72,1,0.133,0.765,9.67e-06,0.0839,0.338,168.924,audio_features,2tGvwE8GcFKwNdAXMnlbfl,spotify:track:2tGvwE8GcFKwNdAXMnlbfl,https://api.spotify.com/v1/tracks/2tGvwE8GcFKwNdAXMnlbfl,https://api.spotify.com/v1/audio-analysis/2tGvwE8GcFKwNdAXMnlbfl,175933,3
64,0.603,0.783,6,-4.023,1,0.062,0.449,7.96e-06,0.119,0.775,172.041,audio_features,37y7iDayfwm3WXn5BiAoRk,spotify:track:37y7iDayfwm3WXn5BiAoRk,https://api.spotify.com/v1/tracks/37y7iDayfwm3WXn5BiAoRk,https://api.spotify.com/v1/audio-analysis/37y7iDayfwm3WXn5BiAoRk,173104,4
65,0.656,0.627,7,-6.627,0,0.0379,0.343,2.17e-05,0.124,0.481,99.933,audio_features,0mJBiaODgK0XjOLCN5fItq,spotify:track:0mJBiaODgK0XjOLCN5fItq,https://api.spotify.com/v1/tracks/0mJBiaODgK0XjOLCN5fItq,https://api.spotify.com/v1/audio-analysis/0mJBiaODgK0XjOLCN5fItq,167066,4
66,0.701,0.716,7,-3.671,0,0.0361,0.174,0.0,0.324,0.732,91.007,audio_features,4jPy3l0RUwlUI9T5XHBW2m,spotify:track:4jPy3l0RUwlUI9T5XHBW2m,https://api.spotify.com/v1/tracks/4jPy3l0RUwlUI9T5XHBW2m,https://api.spotify.com/v1/audio-analysis/4jPy3l0RUwlUI9T5XHBW2m,140533,4
67,0.729,0.513,5,-6.345,0,0.0455,0.494,1.1e-06,0.137,0.789,170.064,audio_features,6w8yBI2vthyN9UnwO4UBWb,spotify:track:6w8yBI2vthyN9UnwO4UBWb,https://api.spotify.com/v1/tracks/6w8yBI2vthyN9UnwO4UBWb,https://api.spotify.com/v1/audio-analysis/6w8yBI2vthyN9UnwO4UBWb,192353,3
68,0.662,0.788,3,-4.55,0,0.205,0.0191,0.0,0.0559,0.711,179.876,audio_features,7iqOIHHEmu6Vhw25GgQ2eA,spotify:track:7iqOIHHEmu6Vhw25GgQ2eA,https://api.spotify.com/v1/tracks/7iqOIHHEmu6Vhw25GgQ2eA,https://api.spotify.com/v1/audio-analysis/7iqOIHHEmu6Vhw25GgQ2eA,170760,4
69,0.501,0.405,1,-5.679,1,0.0319,0.751,0.0,0.105,0.446,109.891,audio_features,7qEHsqek33rTcFNT9PFqLf,spotify:track:7qEHsqek33rTcFNT9PFqLf,https://api.spotify.com/v1/tracks/7qEHsqek33rTcFNT9PFqLf,https://api.spotify.com/v1/audio-analysis/7qEHsqek33rTcFNT9PFqLf,182161,4
70,0.746,0.765,6,-4.41,0,0.0993,0.0112,0.0,0.0936,0.737,114.044,audio_features,4saklk6nie3yiGePpBwUoc,spotify:track:4saklk6nie3yiGePpBwUoc,https://api.spotify.com/v1/tracks/4saklk6nie3yiGePpBwUoc,https://api.spotify.com/v1/audio-analysis/4saklk6nie3yiGePpBwUoc,199054,4
71,0.664,0.692,1,-4.128,0,0.127,0.237,0.0,0.0798,0.233,154.924,audio_features,5W8HXMOMLtXLz0RGKUtnlZ,spotify:track:5W8HXMOMLtXLz0RGKUtnlZ,https://api.spotify.com/v1/tracks/5W8HXMOMLtXLz0RGKUtnlZ,https://api.spotify.com/v1/audio-analysis/5W8HXMOMLtXLz0RGKUtnlZ,257369,4
72,0.727,0.681,5,-7.114,0,0.0265,0.00214,0.000307,0.0861,0.448,123.028,audio_features,6OufwUcCqo81guU2jAlDVP,spotify:track:6OufwUcCqo81guU2jAlDVP,https://api.spotify.com/v1/tracks/6OufwUcCqo81guU2jAlDVP,https://api.spotify.com/v1/audio-analysis/6OufwUcCqo81guU2jAlDVP,241970,4
73,0.793,0.793,11,-4.521,0,0.083,0.0123,0.0,0.0951,0.679,123.95,audio_features,3PfIrDoz19wz7qK7tYeu62,spotify:track:3PfIrDoz19wz7qK7tYeu62,https://api.spotify.com/v1/tracks/3PfIrDoz19wz7qK7tYeu62,https://api.spotify.com/v1/audio-analysis/3PfIrDoz19wz7qK7tYeu62,183290,4
74,0.345,0.941,9,-9.918,1,0.0466,3.84e-05,0.633,0.0511,0.407,179.626,audio_features,7EkWXAI1wn8Ii883ecd9xr,spotify:track:7EkWXAI1wn8Ii883ecd9xr,https://api.spotify.com/v1/tracks/7EkWXAI1wn8Ii883ecd9xr,https://api.spotify.com/v1/audio-analysis/7EkWXAI1wn8Ii883ecd9xr,147062,4
75,0.721,0.738,7,-4.77,1,0.0403,0.00226,4.41e-06,0.118,0.637,119.976,audio_features,4qu63nuBpdn0qHUHuObEj1,spotify:track:4qu63nuBpdn0qHUHuObEj1,https://api.spotify.com/v1/tracks/4qu63nuBpdn0qHUHuObEj1,https://api.spotify.com/v1/audio-analysis/4qu63nuBpdn0qHUHuObEj1,154983,4
76,0.861,0.637,6,-7.701,0,0.133,0.392,0.0,0.0929,0.754,87.006,audio_features,2DTpP3caqX3QdJIEoS83mD,spotify:track:2DTpP3caqX3QdJIEoS83mD,https://api.spotify.com/v1/tracks/2DTpP3caqX3QdJIEoS83mD,https://api.spotify.com/v1/audio-analysis/2DTpP3caqX3QdJIEoS83mD,198621,4
77,0.422,0.34,0,-6.577,1,0.0351,0.877,1.77e-05,0.149,0.223,77.213,audio_features,1is8gU4RVcN4J8xItxWoOY,spotify:track:1is8gU4RVcN4J8xItxWoOY,https://api.spotify.com/v1/tracks/1is8gU4RVcN4J8xItxWoOY,https://api.spotify.com/v1/audio-analysis/1is8gU4RVcN4J8xItxWoOY,204094,4
78,0.715,0.622,4,-5.102,0,0.046,0.163,0.0,0.0948,0.808,80.015,audio_features,2rCbl9naJYhaxjLsfx88uM,spotify:track:2rCbl9naJYhaxjLsfx88uM,https://api.spotify.com/v1/tracks/2rCbl9naJYhaxjLsfx88uM,https://api.spotify.com/v1/audio-analysis/2rCbl9naJYhaxjLsfx88uM,195053,4
79,0.334,0.599,0,-5.742,1,0.0365,0.0468,0.000392,0.205,0.127,161.74,audio_features,32BeYxKPrig1LefHsC0Xuo,spotify:track:32BeYxKPrig1LefHsC0Xuo,https://api.spotify.com/v1/tracks/32BeYxKPrig1LefHsC0Xuo,https://api.spotify.com/v1/audio-analysis/32BeYxKPrig1LefHsC0Xuo,151444,3
80,0.85,0.541,2,-4.522,1,0.0674,0.161,5.01e-06,0.286,0.916,92.003,audio_features,0cOa970mzTWAxKtltpkpLc,spotify:track:0cOa970mzTWAxKtltpkpLc,https://api.spotify.com/v1/tracks/0cOa970mzTWAxKtltpkpLc,https://api.spotify.com/v1/audio-analysis/0cOa970mzTWAxKtltpkpLc,165275,4
81,0.815,0.848,4,-4.704,0,0.115,0.023,0.000162,0.0265,0.684,106.032,audio_features,1uMHCAyGmHqyygoNRuo7MV,spotify:track:1uMHCAyGmHqyygoNRuo7MV,https://api.spotify.com/v1/tracks/1uMHCAyGmHqyygoNRuo7MV,https://api.spotify.com/v1/audio-analysis/1uMHCAyGmHqyygoNRuo7MV,133707,4
82,0.351,0.296,4,-10.109,0,0.0333,0.934,0.0,0.095,0.12,115.284,audio_features,0u2P5u6lvoDfwTYjAADbn4,spotify:track:0u2P5u6lvoDfwTYjAADbn4,https://api.spotify.com/v1/tracks/0u2P5u6lvoDfwTYjAADbn4,https://api.spotify.com/v1/audio-analysis/0u2P5u6lvoDfwTYjAADbn4,200186,4
83,0.778,0.695,4,-6.865,0,0.0913,0.175,0.0,0.15,0.472,149.996,audio_features,6E90gq0KO6FYZVOXx8kCcC,spotify:track:6E90gq0KO6FYZVOXx8kCcC,https://api.spotify.com/v1/tracks/6E90gq0KO6FYZVOXx8kCcC,https://api.spotify.com/v1/audio-analysis/6E90gq0KO6FYZVOXx8kCcC,132780,4
84,0.75,0.522,9,-7.018,1,0.0293,0.282,0.0,0.0743,0.601,110.427,audio_features,4OwhwvKESFtuu06dTgct7i,spotify:track:4OwhwvKESFtuu06dTgct7i,https://api.spotify.com/v1/tracks/4OwhwvKESFtuu06dTgct7i,https://api.spotify.com/v1/audio-analysis/4OwhwvKESFtuu06dTgct7i,321556,4
85,0.798,0.62,8,-7.079,0,0.232,0.414,0.0192,0.112,0.235,120.031,audio_features,6f3Slt0GbA2bPZlz0aIFXN,spotify:track:6f3Slt0GbA2bPZlz0aIFXN,https://api.spotify.com/v1/tracks/6f3Slt0GbA2bPZlz0aIFXN,https://api.spotify.com/v1/audio-analysis/6f3Slt0GbA2bPZlz0aIFXN,164000,4
86,0.659,0.667,11,-4.668,0,0.0339,0.00173,2.85e-05,0.1,0.468,115.982,audio_features,4rPkN1FMzQyFNP9cLUGIIB,spotify:track:4rPkN1FMzQyFNP9cLUGIIB,https://api.spotify.com/v1/tracks/4rPkN1FMzQyFNP9cLUGIIB,https://api.spotify.com/v1/audio-analysis/4rPkN1FMzQyFNP9cLUGIIB,258004,4
87,0.759,0.886,1,-3.067,1,0.187,0.0103,2.04e-05,0.342,0.489,102.065,audio_features,59c0HrzmHfyQs6LgDw5cHe,spotify:track:59c0HrzmHfyQs6LgDw5cHe,https://api.spotify.com/v1/tracks/59c0HrzmHfyQs6LgDw5cHe,https://api.spotify.com/v1/audio-analysis/59c0HrzmHfyQs6LgDw5cHe,191462,4
88,0.855,0.488,3,-4.601,1,0.208,0.506,0.0,0.347,0.619,124.097,audio_features,5lAnYvAIkSDNXqfo7DyFUm,spotify:track:5lAnYvAIkSDNXqfo7DyFUm,https://api.spotify.com/v1/tracks/5lAnYvAIkSDNXqfo7DyFUm,https://api.spotify.com/v1/audio-analysis/5lAnYvAIkSDNXqfo7DyFUm,174253,4
89,0.695,0.575,10,-6.334,0,0.116,0.198,0.0,0.0614,0.699,163.929,audio_features,0MMyJUC3WNnFS1lit5pTjk,spotify:track:0MMyJUC3WNnFS1lit5pTjk,https://api.spotify.com/v1/tracks/0MMyJUC3WNnFS1lit5pTjk,https://api.spotify.com/v1/audio-analysis/0MMyJUC3WNnFS1lit5pTjk,173160,4
90,0.369,0.272,9,-10.497,1,0.0364,0.866,0.0,0.147,0.218,172.929,audio_features,5JCoSi02qi3jJeHdZXMmR8,spotify:track:5JCoSi02qi3jJeHdZXMmR8,https://api.spotify.com/v1/tracks/5JCoSi02qi3jJeHdZXMmR8,https://api.spotify.com/v1/audio-analysis/5JCoSi02qi3jJeHdZXMmR8,152667,4
91,0.776,0.808,11,-4.501,1,0.117,0.0297,0.000127,0.103,0.494,123.988,audio_features,0z8hI3OPS8ADPWtoCjjLl6,spotify:track:0z8hI3OPS8ADPWtoCjjLl6,https://api.spotify.com/v1/tracks/0z8hI3OPS8ADPWtoCjjLl6,https://api.spotify.com/v1/audio-analysis/0z8hI3OPS8ADPWtoCjjLl6,184104,4
92,0.599,0.448,8,-6.312,1,0.0232,0.163,0.0,0.106,0.168,95.05,audio_features,0tgVpDi06FyKpA1z0VMD4v,spotify:track:0tgVpDi06FyKpA1z0VMD4v,https://api.spotify.com/v1/tracks/0tgVpDi06FyKpA1z0VMD4v,https://api.spotify.com/v1/audio-analysis/0tgVpDi06FyKpA1z0VMD4v,263400,3
93,0.824,0.862,2,-3.424,1,0.126,0.0076,0.000132,0.303,0.801,122.98,audio_features,4cG7HUWYHBV6R6tHn1gxrl,spotify:track:4cG7HUWYHBV6R6tHn1gxrl,https://api.spotify.com/v1/tracks/4cG7HUWYHBV6R6tHn1gxrl,https://api.spotify.com/v1/audio-analysis/4cG7HUWYHBV6R6tHn1gxrl,169153,4
94,0.822,0.736,1,-3.969,1,0.15,0.157,0.000781,0.0748,0.679,175.93,audio_features,704LUEih663hiE3CnyUrFW,spotify:track:704LUEih663hiE3CnyUrFW,https://api.spotify.com/v1/tracks/704LUEih663hiE3CnyUrFW,https://api.spotify.com/v1/audio-analysis/704LUEih663hiE3CnyUrFW,181107,4
95,0.68,0.826,0,-5.487,1,0.0309,0.0212,1.24e-05,0.543,0.644,118.051,audio_features,5QO79kh1waicV47BqGRL3g,spotify:track:5QO79kh1waicV47BqGRL3g,https://api.spotify.com/v1/tracks/5QO79kh1waicV47BqGRL3g,https://api.spotify.com/v1/audio-analysis/5QO79kh1waicV47BqGRL3g,215627,4
96,0.571,0.767,2,-5.16,1,0.287,0.336,0.0,0.0809,0.605,93.421,audio_features,1dIWPXMX4kRHj6Dt2DStUQ,spotify:track:1dIWPXMX4kRHj6Dt2DStUQ,https://api.spotify.com/v1/tracks/1dIWPXMX4kRHj6Dt2DStUQ,https://api.spotify.com/v1/audio-analysis/1dIWPXMX4kRHj6Dt2DStUQ,161684,4
97,0.903,0.535,9,-6.434,1,0.0742,0.297,0.0,0.345,0.508,130.022,audio_features,5SixeLvPsYpk7qq9lo5xYg,spotify:track:5SixeLvPsYpk7qq9lo5xYg,https://api.spotify.com/v1/tracks/5SixeLvPsYpk7qq9lo5xYg,https://api.spotify.com/v1/audio-analysis/5SixeLvPsYpk7qq9lo5xYg,148779,4
98,0.792,0.511,2,-6.876,1,0.0409,0.124,9.04e-05,0.14,0.111,113.983,audio_features,30QR0ndUdiiMQMA9g1PGCm,spotify:track:30QR0ndUdiiMQMA9g1PGCm,https://api.spotify.com/v1/tracks/30QR0ndUdiiMQMA9g1PGCm,https://api.spotify.com/v1/audio-analysis/30QR0ndUdiiMQMA9g1PGCm,168490,4
99,0.816,0.71,7,-3.728,1,0.0398,0.165,0.0,0.292,0.784,93.02,audio_features,27RSJHEA99Y0Vsow7nA37A,spotify:track:27RSJHEA99Y0Vsow7nA37A,https://api.spotify.com/v1/tracks/27RSJHEA99Y0Vsow7nA37A,https://api.spotify.com/v1/audio-analysis/27RSJHEA99Y0Vsow7nA37A,208631,4
0,0.762,0.766,7,-3.955,1,0.0343,0.00776,6.98e-05,0.128,0.442,130.001,audio_features,2B4GHvToeLTOBB4QLzW3Ni,spotify:track:2B4GHvToeLTOBB4QLzW3Ni,https://api.spotify.com/v1/tracks/2B4GHvToeLTOBB4QLzW3Ni,https://api.spotify.com/v1/audio-analysis/2B4GHvToeLTOBB4QLzW3Ni,287120,4
1,0.808,0.903,9,-2.179,1,0.0729,0.0899,0.0,0.0816,0.922,120.044,audio_features,1XyzcGhmO7iUamSS94XfqY,spotify:track:1XyzcGhmO7iUamSS94XfqY,https://api.spotify.com/v1/tracks/1XyzcGhmO7iUamSS94XfqY,https://api.spotify.com/v1/audio-analysis/1XyzcGhmO7iUamSS94XfqY,198053,4
2,0.771,0.885,8,-3.66,1,0.0508,0.222,0.0,0.0918,0.826,128.031,audio_features,6b2HYgqcK9mvktt4GxAu72,spotify:track:6b2HYgqcK9mvktt4GxAu72,https://api.spotify.com/v1/tracks/6b2HYgqcK9mvktt4GxAu72,https://api.spotify.com/v1/audio-analysis/6b2HYgqcK9mvktt4GxAu72,231604,4
3,0.681,0.63,1,-5.585,1,0.0385,0.00383,0.0,0.139,0.183,151.951,audio_features,3T9BKc4kB7ukeNQrCqv6ZV,spotify:track:3T9BKc4kB7ukeNQrCqv6ZV,https://api.spotify.com/v1/tracks/3T9BKc4kB7ukeNQrCqv6ZV,https://api.spotify.com/v1/audio-analysis/3T9BKc4kB7ukeNQrCqv6ZV,161053,4
4,0.486,0.871,3,-3.642,0,0.258,0.617,0.0,0.97,0.663,151.175,audio_features,4u06FbRh6FvV2FQZkouzCw,spotify:track:4u06FbRh6FvV2FQZkouzCw,https://api.spotify.com/v1/tracks/4u06FbRh6FvV2FQZkouzCw,https://api.spotify.com/v1/audio-analysis/4u06FbRh6FvV2FQZkouzCw,153410,4
5,0.808,0.903,9,-2.179,1,0.0729,0.0899,0.0,0.0816,0.922,120.044,audio_features,6pgqZ7Iw4LfHlfgWWaRFSY,spotify:track:6pgqZ7Iw4LfHlfgWWaRFSY,https://api.spotify.com/v1/tracks/6pgqZ7Iw4LfHlfgWWaRFSY,https://api.spotify.com/v1/audio-analysis/6pgqZ7Iw4LfHlfgWWaRFSY,198053,4
6,0.575,0.669,4,-4.75,0,0.0341,0.273,0.0,0.172,0.524,109.999,audio_features,5Yu1AOnIzC1tWRJ4U0uW7u,spotify:track:5Yu1AOnIzC1tWRJ4U0uW7u,https://api.spotify.com/v1/tracks/5Yu1AOnIzC1tWRJ4U0uW7u,https://api.spotify.com/v1/audio-analysis/5Yu1AOnIzC1tWRJ4U0uW7u,168645,4
7,0.811,0.807,4,-2.681,1,0.1,0.381,0.0,0.977,0.766,115.01,audio_features,3agFBAMPiIvzfTh7a9Udm6,spotify:track:3agFBAMPiIvzfTh7a9Udm6,https://api.spotify.com/v1/tracks/3agFBAMPiIvzfTh7a9Udm6,https://api.spotify.com/v1/audio-analysis/3agFBAMPiIvzfTh7a9Udm6,164949,4
8,0.668,0.887,11,-4.404,0,0.0564,0.369,1.39e-06,0.257,0.907,151.92,audio_features,2kJRlOyrxsy7Ot3c5TZ8Q6,spotify:track:2kJRlOyrxsy7Ot3c5TZ8Q6,https://api.spotify.com/v1/tracks/2kJRlOyrxsy7Ot3c5TZ8Q6,https://api.spotify.com/v1/audio-analysis/2kJRlOyrxsy7Ot3c5TZ8Q6,157176,4
9,0.824,0.587,6,-6.401,0,0.0937,0.69,0.000105,0.149,0.514,98.029,audio_features,2N8m6CYs74qQO4mjVcXO30,spotify:track:2N8m6CYs74qQO4mjVcXO30,https://api.spotify.com/v1/tracks/2N8m6CYs74qQO4mjVcXO30,https://api.spotify.com/v1/audio-analysis/2N8m6CYs74qQO4mjVcXO30,209438,4
10,0.628,0.318,9,-8.887,0,0.0507,0.807,0.101,0.19,0.492,86.453,audio_features,48Ll1C6qAnP2UjnopQDh4a,spotify:track:48Ll1C6qAnP2UjnopQDh4a,https://api.spotify.com/v1/tracks/48Ll1C6qAnP2UjnopQDh4a,https://api.spotify.com/v1/audio-analysis/48Ll1C6qAnP2UjnopQDh4a,221538,5
11,0.776,0.78,10,-4.374,0,0.128,0.0622,0.0,0.081,0.666,124.949,audio_features,0pqnGHJpmpxLKifKRmU6WP,spotify:track:0pqnGHJpmpxLKifKRmU6WP,https://api.spotify.com/v1/tracks/0pqnGHJpmpxLKifKRmU6WP,https://api.spotify.com/v1/audio-analysis/0pqnGHJpmpxLKifKRmU6WP,204347,4
12,0.39,0.499,7,-7.778,1,0.0381,0.632,0.000497,0.115,0.34,200.156,audio_features,3NqBxTOMCJ3zW9CIP51td4,spotify:track:3NqBxTOMCJ3zW9CIP51td4,https://api.spotify.com/v1/tracks/3NqBxTOMCJ3zW9CIP51td4,https://api.spotify.com/v1/audio-analysis/3NqBxTOMCJ3zW9CIP51td4,275194,1
13,0.587,0.561,0,-6.569,1,0.146,0.0466,0.0,0.109,0.351,80.009,audio_features,6Hfu9sc7jvv6coyy2LlzBF,spotify:track:6Hfu9sc7jvv6coyy2LlzBF,https://api.spotify.com/v1/tracks/6Hfu9sc7jvv6coyy2LlzBF,https://api.spotify.com/v1/audio-analysis/6Hfu9sc7jvv6coyy2LlzBF,243187,4
14,0.459,0.575,3,-4.858,1,0.0573,0.604,0.0,0.0885,0.183,111.881,audio_features,2gMXnyrvIjhVBUZwvLZDMP,spotify:track:2gMXnyrvIjhVBUZwvLZDMP,https://api.spotify.com/v1/tracks/2gMXnyrvIjhVBUZwvLZDMP,https://api.spotify.com/v1/audio-analysis/2gMXnyrvIjhVBUZwvLZDMP,215107,4
15,0.806,0.595,8,-6.166,0,0.246,0.138,0.0,0.0882,0.677,82.492,audio_features,7aZusA4cWXz3Wv9e9uhavz,spotify:track:7aZusA4cWXz3Wv9e9uhavz,https://api.spotify.com/v1/tracks/7aZusA4cWXz3Wv9e9uhavz,https://api.spotify.com/v1/audio-analysis/7aZusA4cWXz3Wv9e9uhavz,187636,4
16,0.526,0.731,11,-4.662,1,0.0887,0.18,0.0,0.0891,0.476,86.959,audio_features,4PQdrXMDHDPl1RczrrlADd,spotify:track:4PQdrXMDHDPl1RczrrlADd,https://api.spotify.com/v1/tracks/4PQdrXMDHDPl1RczrrlADd,https://api.spotify.com/v1/audio-analysis/4PQdrXMDHDPl1RczrrlADd,193221,4
17,0.585,0.557,7,-8.936,1,0.142,0.746,5.46e-05,0.0826,0.683,179.943,audio_features,7MEDcLf5GnKbAZilveql59,spotify:track:7MEDcLf5GnKbAZilveql59,https://api.spotify.com/v1/tracks/7MEDcLf5GnKbAZilveql59,https://api.spotify.com/v1/audio-analysis/7MEDcLf5GnKbAZilveql59,222679,4
18,0.798,0.71,8,-5.078,0,0.171,0.517,0.0,0.167,0.82,130.037,audio_features,2vFjbIf5sKoXsXdBG2E9Xf,spotify:track:2vFjbIf5sKoXsXdBG2E9Xf,https://api.spotify.com/v1/tracks/2vFjbIf5sKoXsXdBG2E9Xf,https://api.spotify.com/v1/audio-analysis/2vFjbIf5sKoXsXdBG2E9Xf,155307,4
19,0.546,0.41,4,-10.538,0,0.421,0.522,5.05e-05,0.0945,0.317,63.1,audio_features,57rx7d5tagl2wOWzj3eWJc,spotify:track:57rx7d5tagl2wOWzj3eWJc,https://api.spotify.com/v1/tracks/57rx7d5tagl2wOWzj3eWJc,https://api.spotify.com/v1/audio-analysis/57rx7d5tagl2wOWzj3eWJc,180341,3
20,0.631,0.594,2,-5.727,1,0.0581,0.0225,1.91e-06,0.351,0.716,129.991,audio_features,23E53f3C9SJ9MqBh1f6hEw,spotify:track:23E53f3C9SJ9MqBh1f6hEw,https://api.spotify.com/v1/tracks/23E53f3C9SJ9MqBh1f6hEw,https://api.spotify.com/v1/audio-analysis/23E53f3C9SJ9MqBh1f6hEw,205547,4
21,0.525,0.448,1,-4.075,0,0.0443,0.14,0.0,0.0922,0.527,83.406,audio_features,6pQKUKBpwr6GhfhcFFFozo,spotify:track:6pQKUKBpwr6GhfhcFFFozo,https://api.spotify.com/v1/tracks/6pQKUKBpwr6GhfhcFFFozo,https://api.spotify.com/v1/audio-analysis/6pQKUKBpwr6GhfhcFFFozo,140308,4
22,0.601,0.36,9,-7.791,0,0.0877,0.586,0.0,0.0882,0.335,124.993,audio_features,0qxLQ6opocOGyFnlXqJ53x,spotify:track:0qxLQ6opocOGyFnlXqJ53x,https://api.spotify.com/v1/tracks/0qxLQ6opocOGyFnlXqJ53x,https://api.spotify.com/v1/audio-analysis/0qxLQ6opocOGyFnlXqJ53x,276480,4
23,0.873,0.476,5,-3.962,1,0.065,0.623,4.85e-06,0.0712,0.923,132.964,audio_features,7Ls0AYtBWAJtt7iORFc6zC,spotify:track:7Ls0AYtBWAJtt7iORFc6zC,https://api.spotify.com/v1/tracks/7Ls0AYtBWAJtt7iORFc6zC,https://api.spotify.com/v1/audio-analysis/7Ls0AYtBWAJtt7iORFc6zC,149323,4
24,0.501,0.548,0,-7.573,0,0.182,0.0801,0.000408,0.118,0.488,93.966,audio_features,6xvaSd27eSA5kQlFRYhWZF,spotify:track:6xvaSd27eSA5kQlFRYhWZF,https://api.spotify.com/v1/tracks/6xvaSd27eSA5kQlFRYhWZF,https://api.spotify.com/v1/audio-analysis/6xvaSd27eSA5kQlFRYhWZF,228507,4
25,0.751,0.493,0,-4.953,1,0.17,0.422,0.0,0.629,0.557,141.812,audio_features,0Rq7EzwIvsVqPPUNM3M4as,spotify:track:0Rq7EzwIvsVqPPUNM3M4as,https://api.spotify.com/v1/tracks/0Rq7EzwIvsVqPPUNM3M4as,https://api.spotify.com/v1/audio-analysis/0Rq7EzwIvsVqPPUNM3M4as,164170,4
26,0.623,0.656,9,-3.662,0,0.229,0.288,0.0,0.105,0.576,112.823,audio_features,0wRn3ggAY1fIupTaVigdza,spotify:track:0wRn3ggAY1fIupTaVigdza,https://api.spotify.com/v1/tracks/0wRn3ggAY1fIupTaVigdza,https://api.spotify.com/v1/audio-analysis/0wRn3ggAY1fIupTaVigdza,302118,5
27,0.722,0.728,5,-7.905,0,0.075,0.168,0.173,0.277,0.66,139.965,audio_features,0A0NJtd7yYuegBrj6qvqSo,spotify:track:0A0NJtd7yYuegBrj6qvqSo,https://api.spotify.com/v1/tracks/0A0NJtd7yYuegBrj6qvqSo,https://api.spotify.com/v1/audio-analysis/0A0NJtd7yYuegBrj6qvqSo,188571,4
28,0.443,0.29,3,-8.303,1,0.0349,0.739,0.0,0.0945,0.335,98.663,audio_features,1iL2qN1fpyE9MxUhUUu0O4,spotify:track:1iL2qN1fpyE9MxUhUUu0O4,https://api.spotify.com/v1/tracks/1iL2qN1fpyE9MxUhUUu0O4,https://api.spotify.com/v1/audio-analysis/1iL2qN1fpyE9MxUhUUu0O4,228502,4
29,0.747,0.725,2,-2.564,0,0.363,0.551,0.0,0.0626,0.904,129.96,audio_features,2Gjt4rUHBUH0rMKpBg0hF4,spotify:track:2Gjt4rUHBUH0rMKpBg0hF4,https://api.spotify.com/v1/tracks/2Gjt4rUHBUH0rMKpBg0hF4,https://api.spotify.com/v1/audio-analysis/2Gjt4rUHBUH0rMKpBg0hF4,125558,4
30,0.75,0.668,0,-4.49,0,0.061,0.78,3.13e-06,0.338,0.786,94.998,audio_features,4llr8mcoauwrHBtjGb7F9S,spotify:track:4llr8mcoauwrHBtjGb7F9S,https://api.spotify.com/v1/tracks/4llr8mcoauwrHBtjGb7F9S,https://api.spotify.com/v1/audio-analysis/4llr8mcoauwrHBtjGb7F9S,159147,4
31,0.522,0.688,6,-8.772,0,0.133,0.24,0.000155,0.368,0.49,126.604,audio_features,5QU2pHpvyaiTZ0E7cJYlq3,spotify:track:5QU2pHpvyaiTZ0E7cJYlq3,https://api.spotify.com/v1/tracks/5QU2pHpvyaiTZ0E7cJYlq3,https://api.spotify.com/v1/audio-analysis/5QU2pHpvyaiTZ0E7cJYlq3,258223,5
32,0.946,0.595,1,-7.198,1,0.137,0.183,0.0,0.0363,0.835,120.009,audio_features,7gMWTBRgB5CZdNDSuweCyr,spotify:track:7gMWTBRgB5CZdNDSuweCyr,https://api.spotify.com/v1/tracks/7gMWTBRgB5CZdNDSuweCyr,https://api.spotify.com/v1/audio-analysis/7gMWTBRgB5CZdNDSuweCyr,249125,4
33,0.568,0.736,11,-4.817,0,0.0557,0.201,0.0,0.362,0.72,153.093,audio_features,4cKn3YjlRNowwNQi5LuZkk,spotify:track:4cKn3YjlRNowwNQi5LuZkk,https://api.spotify.com/v1/tracks/4cKn3YjlRNowwNQi5LuZkk,https://api.spotify.com/v1/audio-analysis/4cKn3YjlRNowwNQi5LuZkk,181123,4
34,0.845,0.655,5,-5.137,0,0.0612,0.239,0.0,0.0974,0.516,139.955,audio_features,3ua3rqwBNmeGeQfcKnA3bT,spotify:track:3ua3rqwBNmeGeQfcKnA3bT,https://api.spotify.com/v1/tracks/3ua3rqwBNmeGeQfcKnA3bT,https://api.spotify.com/v1/audio-analysis/3ua3rqwBNmeGeQfcKnA3bT,164571,4
35,0.852,0.62,6,-5.79,0,0.227,0.359,0.0,0.101,0.744,92.464,audio_features,7IG7laqVpcvIIULrwWP5SA,spotify:track:7IG7laqVpcvIIULrwWP5SA,https://api.spotify.com/v1/tracks/7IG7laqVpcvIIULrwWP5SA,https://api.spotify.com/v1/audio-analysis/7IG7laqVpcvIIULrwWP5SA,155676,4
36,0.541,0.515,5,-3.182,1,0.0488,0.496,0.0,0.0937,0.41,86.66,audio_features,2aqqXrjrPdRHU9uSeRmL3C,spotify:track:2aqqXrjrPdRHU9uSeRmL3C,https://api.spotify.com/v1/tracks/2aqqXrjrPdRHU9uSeRmL3C,https://api.spotify.com/v1/audio-analysis/2aqqXrjrPdRHU9uSeRmL3C,210461,5
37,0.81,0.789,6,-4.032,1,0.0498,0.0254,1.85e-06,0.104,0.432,129.988,audio_features,2QLbRVzixE282JSQjBz2DG,spotify:track:2QLbRVzixE282JSQjBz2DG,https://api.spotify.com/v1/tracks/2QLbRVzixE282JSQjBz2DG,https://api.spotify.com/v1/audio-analysis/2QLbRVzixE282JSQjBz2DG,150462,4
38,0.793,0.44,6,-9.637,1,0.0668,0.755,2.07e-05,0.182,0.75,94.98,audio_features,1h1JMmAzXR6lWJ7KnJQkU7,spotify:track:1h1JMmAzXR6lWJ7KnJQkU7,https://api.spotify.com/v1/tracks/1h1JMmAzXR6lWJ7KnJQkU7,https://api.spotify.com/v1/audio-analysis/1h1JMmAzXR6lWJ7KnJQkU7,204281,4
39,0.807,0.461,1,-10.586,1,0.0969,0.599,0.00145,0.11,0.451,95.014,audio_features,3wvEiKmoYB2JUkgSN1xlJI,spotify:track:3wvEiKmoYB2JUkgSN1xlJI,https://api.spotify.com/v1/tracks/3wvEiKmoYB2JUkgSN1xlJI,https://api.spotify.com/v1/audio-analysis/3wvEiKmoYB2JUkgSN1xlJI,185684,4
40,0.383,0.379,3,-9.739,0,0.0333,0.748,2.03e-06,0.123,0.269,83.928,audio_features,38EnNqW16JfwQMmKzxX1yc,spotify:track:38EnNqW16JfwQMmKzxX1yc,https://api.spotify.com/v1/tracks/38EnNqW16JfwQMmKzxX1yc,https://api.spotify.com/v1/audio-analysis/38EnNqW16JfwQMmKzxX1yc,198988,4
41,0.709,0.574,8,-8.738,1,0.0521,0.514,0.556,0.1,0.629,147.074,audio_features,2uaceelHxzFYnhLec89RpE,spotify:track:2uaceelHxzFYnhLec89RpE,https://api.spotify.com/v1/tracks/2uaceelHxzFYnhLec89RpE,https://api.spotify.com/v1/audio-analysis/2uaceelHxzFYnhLec89RpE,186139,4
42,0.669,0.784,7,-5.603,1,0.112,0.194,6.28e-06,0.115,0.517,125.993,audio_features,5YaskwnGDZFDRipaqzbwQx,spotify:track:5YaskwnGDZFDRipaqzbwQx,https://api.spotify.com/v1/tracks/5YaskwnGDZFDRipaqzbwQx,https://api.spotify.com/v1/audio-analysis/5YaskwnGDZFDRipaqzbwQx,150053,4
43,0.631,0.861,11,-1.891,0,0.0424,0.427,0.000119,0.215,0.822,149.95,audio_features,3jSG8oE8doxDxmpe5GlFee,spotify:track:3jSG8oE8doxDxmpe5GlFee,https://api.spotify.com/v1/tracks/3jSG8oE8doxDxmpe5GlFee,https://api.spotify.com/v1/audio-analysis/3jSG8oE8doxDxmpe5GlFee,173038,4
44,0.509,0.528,7,-5.18,0,0.438,0.695,0.0,0.125,0.52,173.999,audio_features,0WmSoWksyfhCME62WhkP2U,spotify:track:0WmSoWksyfhCME62WhkP2U,https://api.spotify.com/v1/tracks/0WmSoWksyfhCME62WhkP2U,https://api.spotify.com/v1/audio-analysis/0WmSoWksyfhCME62WhkP2U,235862,3
45,0.84,0.495,5,-5.155,0,0.0797,0.481,0.0,0.0853,0.527,130.041,audio_features,1mQOFRDoqI34LdN79PE0vH,spotify:track:1mQOFRDoqI34LdN79PE0vH,https://api.spotify.com/v1/tracks/1mQOFRDoqI34LdN79PE0vH,https://api.spotify.com/v1/audio-analysis/1mQOFRDoqI34LdN79PE0vH,180923,4
46,0.551,0.668,5,-8.721,0,0.0976,0.609,0.0,0.109,0.592,119.09,audio_features,09QjDdZltuDWgdJsdm3Dcq,spotify:track:09QjDdZltuDWgdJsdm3Dcq,https://api.spotify.com/v1/tracks/09QjDdZltuDWgdJsdm3Dcq,https://api.spotify.com/v1/audio-analysis/09QjDdZltuDWgdJsdm3Dcq,186000,4
47,0.671,0.773,8,-5.479,0,0.0916,0.0716,0.0,0.122,0.616,99.942,audio_features,3bUDPTCStUeLcUgXgvepQh,spotify:track:3bUDPTCStUeLcUgXgvepQh,https://api.spotify.com/v1/tracks/3bUDPTCStUeLcUgXgvepQh,https://api.spotify.com/v1/audio-analysis/3bUDPTCStUeLcUgXgvepQh,186520,4
48,0.905,0.47,5,-11.143,0,0.115,0.71,2.37e-06,0.127,0.503,127.054,audio_features,2jPACjKR21inTnWeo3eHla,spotify:track:2jPACjKR21inTnWeo3eHla,https://api.spotify.com/v1/tracks/2jPACjKR21inTnWeo3eHla,https://api.spotify.com/v1/audio-analysis/2jPACjKR21inTnWeo3eHla,215005,4
49,0.592,0.416,6,-7.881,0,0.0754,0.604,0.0,0.095,0.357,139.315,audio_features,2dWbucCC3cVXQWi6JaL7js,spotify:track:2dWbucCC3cVXQWi6JaL7js,https://api.spotify.com/v1/tracks/2dWbucCC3cVXQWi6JaL7js,https://api.spotify.com/v1/audio-analysis/2dWbucCC3cVXQWi6JaL7js,223100,4
50,0.54,0.568,1,-9.788,0,0.147,0.641,7.83e-06,0.15,0.408,89.681,audio_features,23bemRVqcUNl1ujD87upis,spotify:track:23bemRVqcUNl1ujD87upis,https://api.spotify.com/v1/tracks/23bemRVqcUNl1ujD87upis,https://api.spotify.com/v1/audio-analysis/23bemRVqcUNl1ujD87upis,286379,4
51,0.88,0.467,9,-8.369,0,0.0637,0.487,2.72e-05,0.0797,0.727,137.007,audio_features,6mHEUDWaySfb6YvLC7JgPN,spotify:track:6mHEUDWaySfb6YvLC7JgPN,https://api.spotify.com/v1/tracks/6mHEUDWaySfb6YvLC7JgPN,https://api.spotify.com/v1/audio-analysis/6mHEUDWaySfb6YvLC7JgPN,211461,4
52,0.709,0.505,8,-9.382,1,0.387,0.601,0.0,0.13,0.395,86.557,audio_features,1OjAoIz5Gl36rzm9RKEQeG,spotify:track:1OjAoIz5Gl36rzm9RKEQeG,https://api.spotify.com/v1/tracks/1OjAoIz5Gl36rzm9RKEQeG,https://api.spotify.com/v1/audio-analysis/1OjAoIz5Gl36rzm9RKEQeG,324763,4
53,0.892,0.341,9,-12.385,1,0.392,0.138,1.16e-06,0.0922,0.472,119.909,audio_features,1jwEnLN5hMOwotwXfchUaf,spotify:track:1jwEnLN5hMOwotwXfchUaf,https://api.spotify.com/v1/tracks/1jwEnLN5hMOwotwXfchUaf,https://api.spotify.com/v1/audio-analysis/1jwEnLN5hMOwotwXfchUaf,152000,4
54,0.841,0.593,1,-7.846,1,0.0379,0.418,0.0,0.124,0.808,124.917,audio_features,5uEYRdEIh9Bo4fpjDd4Na9,spotify:track:5uEYRdEIh9Bo4fpjDd4Na9,https://api.spotify.com/v1/tracks/5uEYRdEIh9Bo4fpjDd4Na9,https://api.spotify.com/v1/audio-analysis/5uEYRdEIh9Bo4fpjDd4Na9,162803,4
55,0.598,0.252,4,-9.411,0,0.2,0.959,0.0,0.0875,0.662,139.688,audio_features,5x2NQmYWyqExdyyXjNIWh3,spotify:track:5x2NQmYWyqExdyyXjNIWh3,https://api.spotify.com/v1/tracks/5x2NQmYWyqExdyyXjNIWh3,https://api.spotify.com/v1/audio-analysis/5x2NQmYWyqExdyyXjNIWh3,260571,4
56,0.714,0.51,5,-7.965,0,0.403,0.638,0.0,0.236,0.486,94.205,audio_features,1ftBvRj542ol7LT1A0EtL7,spotify:track:1ftBvRj542ol7LT1A0EtL7,https://api.spotify.com/v1/tracks/1ftBvRj542ol7LT1A0EtL7,https://api.spotify.com/v1/audio-analysis/1ftBvRj542ol7LT1A0EtL7,293748,4
57,0.88,0.59,8,-4.709,0,0.204,0.08,0.0,0.184,0.723,119.97,audio_features,07AQkmp456NpEnT8HR7WLy,spotify:track:07AQkmp456NpEnT8HR7WLy,https://api.spotify.com/v1/tracks/07AQkmp456NpEnT8HR7WLy,https://api.spotify.com/v1/audio-analysis/07AQkmp456NpEnT8HR7WLy,170000,4
58,0.746,0.743,7,-3.349,1,0.0629,0.251,0.0,0.0674,0.938,166.043,audio_features,2R9IrE42Mw4zdUXAEFNiZL,spotify:track:2R9IrE42Mw4zdUXAEFNiZL,https://api.spotify.com/v1/tracks/2R9IrE42Mw4zdUXAEFNiZL,https://api.spotify.com/v1/audio-analysis/2R9IrE42Mw4zdUXAEFNiZL,172621,4
59,0.632,0.595,8,-7.644,0,0.0401,0.0689,0.0,0.209,0.435,124.114,audio_features,6ft4hAq6yde8jPZY2i5zLr,spotify:track:6ft4hAq6yde8jPZY2i5zLr,https://api.spotify.com/v1/tracks/6ft4hAq6yde8jPZY2i5zLr,https://api.spotify.com/v1/audio-analysis/6ft4hAq6yde8jPZY2i5zLr,167903,4
60,0.767,0.466,6,-12.421,0,0.164,0.183,1.46e-05,0.0872,0.219,115.134,audio_features,275Brpw83x3q0mBa9MpCx3,spotify:track:275Brpw83x3q0mBa9MpCx3,https://api.spotify.com/v1/tracks/275Brpw83x3q0mBa9MpCx3,https://api.spotify.com/v1/audio-analysis/275Brpw83x3q0mBa9MpCx3,241565,4
61,0.606,0.908,6,-6.201,0,0.0565,0.556,0.0,0.19,0.798,171.966,audio_features,2MZQAvsA7aZDssppBLRxYp,spotify:track:2MZQAvsA7aZDssppBLRxYp,https://api.spotify.com/v1/tracks/2MZQAvsA7aZDssppBLRxYp,https://api.spotify.com/v1/audio-analysis/2MZQAvsA7aZDssppBLRxYp,140942,4
62,0.882,0.419,7,-11.967,1,0.11,0.11,0.0,0.215,0.163,109.912,audio_features,4DWKtQVURjepn8uzBgmwuv,spotify:track:4DWKtQVURjepn8uzBgmwuv,https://api.spotify.com/v1/tracks/4DWKtQVURjepn8uzBgmwuv,https://api.spotify.com/v1/audio-analysis/4DWKtQVURjepn8uzBgmwuv,157088,4
63,0.697,0.5,3,-9.189,0,0.122,0.723,1.59e-05,0.101,0.334,98.113,audio_features,5TqGewrmzgeb21FYQC7mJZ,spotify:track:5TqGewrmzgeb21FYQC7mJZ,https://api.spotify.com/v1/tracks/5TqGewrmzgeb21FYQC7mJZ,https://api.spotify.com/v1/audio-analysis/5TqGewrmzgeb21FYQC7mJZ,297737,4
64,0.679,0.513,8,-4.7,1,0.297,0.397,2.12e-06,0.128,0.482,86.034,audio_features,142YjJNOuXjzeSDnB1ujw1,spotify:track:142YjJNOuXjzeSDnB1ujw1,https://api.spotify.com/v1/tracks/142YjJNOuXjzeSDnB1ujw1,https://api.spotify.com/v1/audio-analysis/142YjJNOuXjzeSDnB1ujw1,127798,5
65,0.808,0.661,0,-6.237,0,0.0395,0.0358,0.0,0.138,0.804,107.992,audio_features,1m0UFnuTktOkksvjbF9z0m,spotify:track:1m0UFnuTktOkksvjbF9z0m,https://api.spotify.com/v1/tracks/1m0UFnuTktOkksvjbF9z0m,https://api.spotify.com/v1/audio-analysis/1m0UFnuTktOkksvjbF9z0m,235556,4
66,0.725,0.756,4,-5.013,1,0.0572,0.362,0.000685,0.103,0.828,100.07,audio_features,3VvA1wSxukMLsvXoXtlwWx,spotify:track:3VvA1wSxukMLsvXoXtlwWx,https://api.spotify.com/v1/tracks/3VvA1wSxukMLsvXoXtlwWx,https://api.spotify.com/v1/audio-analysis/3VvA1wSxukMLsvXoXtlwWx,186133,4
67,0.8,0.658,1,-6.142,0,0.079,0.25,0.0,0.111,0.462,140.042,audio_features,7hxHWCCAIIxFLCzvDgnQHX,spotify:track:7hxHWCCAIIxFLCzvDgnQHX,https://api.spotify.com/v1/tracks/7hxHWCCAIIxFLCzvDgnQHX,https://api.spotify.com/v1/audio-analysis/7hxHWCCAIIxFLCzvDgnQHX,195429,4
68,0.841,0.728,7,-3.37,1,0.0484,0.0847,0.0,0.149,0.43,130.049,audio_features,6gBFPUFcJLzWGx4lenP6h2,spotify:track:6gBFPUFcJLzWGx4lenP6h2,https://api.spotify.com/v1/tracks/6gBFPUFcJLzWGx4lenP6h2,https://api.spotify.com/v1/audio-analysis/6gBFPUFcJLzWGx4lenP6h2,243837,4
69,0.771,0.515,10,-9.342,0,0.0543,0.416,2.24e-05,0.0467,0.314,124.002,audio_features,20cn2KYYgyuxXRC3WynYZn,spotify:track:20cn2KYYgyuxXRC3WynYZn,https://api.spotify.com/v1/tracks/20cn2KYYgyuxXRC3WynYZn,https://api.spotify.com/v1/audio-analysis/20cn2KYYgyuxXRC3WynYZn,233247,4
70,0.863,0.701,9,-5.038,0,0.212,0.63,0.000583,0.276,0.769,129.911,audio_features,0DsPj89zlY3Us7xb5cXK5h,spotify:track:0DsPj89zlY3Us7xb5cXK5h,https://api.spotify.com/v1/tracks/0DsPj89zlY3Us7xb5cXK5h,https://api.spotify.com/v1/audio-analysis/0DsPj89zlY3Us7xb5cXK5h,214270,4
71,0.419,0.75,10,-3.546,1,0.0316,0.011,0.0,0.159,0.436,145.867,audio_features,5m1i6hq7dmRlp3c1utE48L,spotify:track:5m1i6hq7dmRlp3c1utE48L,https://api.spotify.com/v1/tracks/5m1i6hq7dmRlp3c1utE48L,https://api.spotify.com/v1/audio-analysis/5m1i6hq7dmRlp3c1utE48L,285396,4
72,0.463,0.624,7,-5.118,1,0.0274,0.426,0.0,0.221,0.521,147.929,audio_features,7dH0dpi751EoguDDg3xx6J,spotify:track:7dH0dpi751EoguDDg3xx6J,https://api.spotify.com/v1/tracks/7dH0dpi751EoguDDg3xx6J,https://api.spotify.com/v1/audio-analysis/7dH0dpi751EoguDDg3xx6J,285587,4
73,0.346,0.901,1,-4.617,1,0.12,0.0103,0.0,0.358,0.434,199.934,audio_features,6wDntdm888mDo458RaYjGl,spotify:track:6wDntdm888mDo458RaYjGl,https://api.spotify.com/v1/tracks/6wDntdm888mDo458RaYjGl,https://api.spotify.com/v1/audio-analysis/6wDntdm888mDo458RaYjGl,241680,4
74,0.746,0.764,2,-6.833,1,0.0462,0.00803,0.0,0.357,0.701,116.982,audio_features,3ciqhcLmXP4hVGBD98QlEj,spotify:track:3ciqhcLmXP4hVGBD98QlEj,https://api.spotify.com/v1/tracks/3ciqhcLmXP4hVGBD98QlEj,https://api.spotify.com/v1/audio-analysis/3ciqhcLmXP4hVGBD98QlEj,231883,4
75,0.663,0.871,8,-5.287,1,0.03,0.00299,1.8e-06,0.337,0.826,130.025,audio_features,6MCjmGYlw6mQVWRFVgBRvB,spotify:track:6MCjmGYlw6mQVWRFVgBRvB,https://api.spotify.com/v1/tracks/6MCjmGYlw6mQVWRFVgBRvB,https://api.spotify.com/v1/audio-analysis/6MCjmGYlw6mQVWRFVgBRvB,258840,4
76,0.627,0.824,1,-3.419,1,0.118,0.0699,6.57e-05,0.31,0.774,169.935,audio_features,06XQvnJb53SUYmlWIhUXUi,spotify:track:06XQvnJb53SUYmlWIhUXUi,https://api.spotify.com/v1/tracks/06XQvnJb53SUYmlWIhUXUi,https://api.spotify.com/v1/audio-analysis/06XQvnJb53SUYmlWIhUXUi,206000,4
77,0.725,0.853,10,-3.193,1,0.0516,0.305,0.0,0.115,0.707,134.991,audio_features,1zd35Y44Blc1CwwVbW3Qnk,spotify:track:1zd35Y44Blc1CwwVbW3Qnk,https://api.spotify.com/v1/tracks/1zd35Y44Blc1CwwVbW3Qnk,https://api.spotify.com/v1/audio-analysis/1zd35Y44Blc1CwwVbW3Qnk,248027,4
78,0.78,0.814,7,-3.617,1,0.0291,0.0432,8.28e-05,0.168,0.59,108.025,audio_features,0FOVGBW0RpVRuDuUuN4ZVw,spotify:track:0FOVGBW0RpVRuDuUuN4ZVw,https://api.spotify.com/v1/tracks/0FOVGBW0RpVRuDuUuN4ZVw,https://api.spotify.com/v1/audio-analysis/0FOVGBW0RpVRuDuUuN4ZVw,166967,4
79,0.448,0.447,6,-7.161,0,0.045,0.234,0.0,0.382,0.299,78.861,audio_features,0XZyF9lv6diMt4bxThOL0h,spotify:track:0XZyF9lv6diMt4bxThOL0h,https://api.spotify.com/v1/tracks/0XZyF9lv6diMt4bxThOL0h,https://api.spotify.com/v1/audio-analysis/0XZyF9lv6diMt4bxThOL0h,251533,4
80,0.642,0.587,10,-5.53,1,0.0268,0.293,0.0,0.0784,0.361,89.96,audio_features,6tkSMR8bEIfEcJn7ybJtSP,spotify:track:6tkSMR8bEIfEcJn7ybJtSP,https://api.spotify.com/v1/tracks/6tkSMR8bEIfEcJn7ybJtSP,https://api.spotify.com/v1/audio-analysis/6tkSMR8bEIfEcJn7ybJtSP,269547,4
81,0.657,0.926,1,-2.938,0,0.042,0.122,0.0,0.263,0.881,129.999,audio_features,3uw93CiI34uZlfk8ywep1e,spotify:track:3uw93CiI34uZlfk8ywep1e,https://api.spotify.com/v1/tracks/3uw93CiI34uZlfk8ywep1e,https://api.spotify.com/v1/audio-analysis/3uw93CiI34uZlfk8ywep1e,168462,4
82,0.707,0.965,1,-0.736,1,0.105,0.15,1.38e-06,0.726,0.777,128.003,audio_features,7z6qHGEKxRtwtYym2epV7l,spotify:track:7z6qHGEKxRtwtYym2epV7l,https://api.spotify.com/v1/tracks/7z6qHGEKxRtwtYym2epV7l,https://api.spotify.com/v1/audio-analysis/7z6qHGEKxRtwtYym2epV7l,208271,4
83,0.443,0.893,5,-3.496,0,0.154,0.128,0.0,0.328,0.826,127.999,audio_features,3FUCuf498nFHJXFYR1V9Bd,spotify:track:3FUCuf498nFHJXFYR1V9Bd,https://api.spotify.com/v1/tracks/3FUCuf498nFHJXFYR1V9Bd,https://api.spotify.com/v1/audio-analysis/3FUCuf498nFHJXFYR1V9Bd,224067,4
84,0.549,0.861,1,-2.526,1,0.0459,0.22,0.0,0.361,0.739,82.042,audio_features,2IL2asrtx7XM1y8fu2RMnR,spotify:track:2IL2asrtx7XM1y8fu2RMnR,https://api.spotify.com/v1/tracks/2IL2asrtx7XM1y8fu2RMnR,https://api.spotify.com/v1/audio-analysis/2IL2asrtx7XM1y8fu2RMnR,248653,4
85,0.606,0.525,5,-7.432,1,0.0356,0.511,0.0,0.33,0.665,74.979,audio_features,6VwpOZpqx8IqoF201VGAp8,spotify:track:6VwpOZpqx8IqoF201VGAp8,https://api.spotify.com/v1/tracks/6VwpOZpqx8IqoF201VGAp8,https://api.spotify.com/v1/audio-analysis/6VwpOZpqx8IqoF201VGAp8,247333,4
86,0.66,0.576,3,-5.627,1,0.0363,0.0879,0.0,0.0599,0.561,80.978,audio_features,7DyS11kB1YNrfDzQqtjmTh,spotify:track:7DyS11kB1YNrfDzQqtjmTh,https://api.spotify.com/v1/tracks/7DyS11kB1YNrfDzQqtjmTh,https://api.spotify.com/v1/audio-analysis/7DyS11kB1YNrfDzQqtjmTh,193013,4
87,0.675,0.746,8,-5.531,1,0.0288,0.12,0.0,0.121,0.533,99.99,audio_features,2pXmohBUnD5Li93sgpbPSg,spotify:track:2pXmohBUnD5Li93sgpbPSg,https://api.spotify.com/v1/tracks/2pXmohBUnD5Li93sgpbPSg,https://api.spotify.com/v1/audio-analysis/2pXmohBUnD5Li93sgpbPSg,220201,4
88,0.477,0.685,2,-4.554,1,0.0325,0.105,0.0,0.277,0.308,152.04,audio_features,0cSkn2l67csUljEy0EEBPn,spotify:track:0cSkn2l67csUljEy0EEBPn,https://api.spotify.com/v1/tracks/0cSkn2l67csUljEy0EEBPn,https://api.spotify.com/v1/audio-analysis/0cSkn2l67csUljEy0EEBPn,275000,4
89,0.662,0.789,7,-7.634,0,0.0305,0.0141,0.0,0.317,0.881,135.01,audio_features,4X34YVOtNvldHeEt6aLYDW,spotify:track:4X34YVOtNvldHeEt6aLYDW,https://api.spotify.com/v1/tracks/4X34YVOtNvldHeEt6aLYDW,https://api.spotify.com/v1/audio-analysis/4X34YVOtNvldHeEt6aLYDW,207556,4
90,0.636,0.847,7,-2.093,1,0.037,0.407,0.0,0.295,0.8,114.028,audio_features,10Eyo4juZQFthKqlJgGMdp,spotify:track:10Eyo4juZQFthKqlJgGMdp,https://api.spotify.com/v1/tracks/10Eyo4juZQFthKqlJgGMdp,https://api.spotify.com/v1/audio-analysis/10Eyo4juZQFthKqlJgGMdp,196226,4
91,0.463,0.691,8,-6.154,1,0.045,0.047,0.0,0.115,0.379,155.898,audio_features,222BlW44cS9nOM6C369IB2,spotify:track:222BlW44cS9nOM6C369IB2,https://api.spotify.com/v1/tracks/222BlW44cS9nOM6C369IB2,https://api.spotify.com/v1/audio-analysis/222BlW44cS9nOM6C369IB2,389707,4
92,0.756,0.726,7,-5.388,1,0.0489,0.034,0.000455,0.119,0.792,123.98,audio_features,3EYWY7XBj1BkCKX3R3hoZk,spotify:track:3EYWY7XBj1BkCKX3R3hoZk,https://api.spotify.com/v1/tracks/3EYWY7XBj1BkCKX3R3hoZk,https://api.spotify.com/v1/audio-analysis/3EYWY7XBj1BkCKX3R3hoZk,159040,4
93,0.662,0.86,7,-3.534,1,0.0286,0.447,0.0,0.339,0.69,100.016,audio_features,185Wm4Mx09dQG0fUktklDm,spotify:track:185Wm4Mx09dQG0fUktklDm,https://api.spotify.com/v1/tracks/185Wm4Mx09dQG0fUktklDm,https://api.spotify.com/v1/audio-analysis/185Wm4Mx09dQG0fUktklDm,212401,4
94,0.622,0.309,10,-6.291,0,0.0481,0.776,0.0,0.122,0.571,73.897,audio_features,3PK5ERLCyMuQ5Cb89GbZVL,spotify:track:3PK5ERLCyMuQ5Cb89GbZVL,https://api.spotify.com/v1/tracks/3PK5ERLCyMuQ5Cb89GbZVL,https://api.spotify.com/v1/audio-analysis/3PK5ERLCyMuQ5Cb89GbZVL,208896,4
95,0.538,0.869,8,-3.464,1,0.0275,0.047,0.0,0.14,0.369,91.972,audio_features,15HNdxGKNCIO9pgaY4n7FU,spotify:track:15HNdxGKNCIO9pgaY4n7FU,https://api.spotify.com/v1/tracks/15HNdxGKNCIO9pgaY4n7FU,https://api.spotify.com/v1/audio-analysis/15HNdxGKNCIO9pgaY4n7FU,326843,4
96,0.502,0.632,0,-4.612,1,0.0273,0.447,0.0,0.103,0.308,152.014,audio_features,1sIIlVrnPhrvmTrHtzM7tV,spotify:track:1sIIlVrnPhrvmTrHtzM7tV,https://api.spotify.com/v1/tracks/1sIIlVrnPhrvmTrHtzM7tV,https://api.spotify.com/v1/audio-analysis/1sIIlVrnPhrvmTrHtzM7tV,307067,4
97,0.516,0.791,3,-1.927,1,0.0318,0.00345,0.0,0.141,0.48,96.921,audio_features,278JqkBGkjDovOYAwE8TW7,spotify:track:278JqkBGkjDovOYAwE8TW7,https://api.spotify.com/v1/tracks/278JqkBGkjDovOYAwE8TW7,https://api.spotify.com/v1/audio-analysis/278JqkBGkjDovOYAwE8TW7,324633,4
98,0.88,0.356,11,-7.802,1,0.297,0.417,0.0,0.0997,0.468,129.822,audio_features,5Ym4egUmT9wHEvZM2anGG8,spotify:track:5Ym4egUmT9wHEvZM2anGG8,https://api.spotify.com/v1/tracks/5Ym4egUmT9wHEvZM2anGG8,https://api.spotify.com/v1/audio-analysis/5Ym4egUmT9wHEvZM2anGG8,203787,4
99,0.687,0.873,8,-3.852,1,0.0335,0.0545,0.0,0.318,0.884,130.024,audio_features,08YwAPnX8sygJUXG9rvhDv,spotify:track:08YwAPnX8sygJUXG9rvhDv,https://api.spotify.com/v1/tracks/08YwAPnX8sygJUXG9rvhDv,https://api.spotify.com/v1/audio-analysis/08YwAPnX8sygJUXG9rvhDv,198600,4
0,0.548,0.6,5,-5.049,1,0.0297,0.071,0.0,0.192,0.296,143.961,audio_features,7AIj86wFWqm7X1TZ2hzHwS,spotify:track:7AIj86wFWqm7X1TZ2hzHwS,https://api.spotify.com/v1/tracks/7AIj86wFWqm7X1TZ2hzHwS,https://api.spotify.com/v1/audio-analysis/7AIj86wFWqm7X1TZ2hzHwS,258733,4
1,0.682,0.669,2,-4.741,1,0.0275,0.283,1e-06,0.145,0.831,81.999,audio_features,465JzFiajJO59sUrDFsxdC,spotify:track:465JzFiajJO59sUrDFsxdC,https://api.spotify.com/v1/tracks/465JzFiajJO59sUrDFsxdC,https://api.spotify.com/v1/audio-analysis/465JzFiajJO59sUrDFsxdC,271440,4
2,0.506,0.769,3,-5.326,1,0.0363,0.113,0.0,0.0828,0.536,154.044,audio_features,6sIx7Cn37DGEhjy9hBP8Gx,spotify:track:6sIx7Cn37DGEhjy9hBP8Gx,https://api.spotify.com/v1/tracks/6sIx7Cn37DGEhjy9hBP8Gx,https://api.spotify.com/v1/audio-analysis/6sIx7Cn37DGEhjy9hBP8Gx,276040,4
3,0.546,0.663,9,-6.071,1,0.0536,0.00938,0.0,0.178,0.407,171.698,audio_features,5wWLNNwMAehpj83FU4Lz0m,spotify:track:5wWLNNwMAehpj83FU4Lz0m,https://api.spotify.com/v1/tracks/5wWLNNwMAehpj83FU4Lz0m,https://api.spotify.com/v1/audio-analysis/5wWLNNwMAehpj83FU4Lz0m,282680,4
4,0.525,0.978,11,-1.072,0,0.0815,0.00485,0.0,0.06,0.577,178.069,audio_features,6EzZn96uOc9JsVGNRpx06n,spotify:track:6EzZn96uOc9JsVGNRpx06n,https://api.spotify.com/v1/tracks/6EzZn96uOc9JsVGNRpx06n,https://api.spotify.com/v1/audio-analysis/6EzZn96uOc9JsVGNRpx06n,204920,4
5,0.651,0.861,2,-4.128,1,0.0568,0.052,0.0,0.0878,0.731,96.014,audio_features,7D7GCO3CtDT1WDcj2W5VDV,spotify:track:7D7GCO3CtDT1WDcj2W5VDV,https://api.spotify.com/v1/tracks/7D7GCO3CtDT1WDcj2W5VDV,https://api.spotify.com/v1/audio-analysis/7D7GCO3CtDT1WDcj2W5VDV,276213,4
6,0.499,0.709,10,-6.404,1,0.134,0.296,0.0,0.331,0.314,164.032,audio_features,3UHPGOkUcE4hE7sqBF4Snt,spotify:track:3UHPGOkUcE4hE7sqBF4Snt,https://api.spotify.com/v1/tracks/3UHPGOkUcE4hE7sqBF4Snt,https://api.spotify.com/v1/audio-analysis/3UHPGOkUcE4hE7sqBF4Snt,214621,4
7,0.724,0.913,2,-2.836,0,0.118,0.453,0.0,0.052,0.913,130.968,audio_features,2VIK6jaaKghS4QPHr6sAkv,spotify:track:2VIK6jaaKghS4QPHr6sAkv,https://api.spotify.com/v1/tracks/2VIK6jaaKghS4QPHr6sAkv,https://api.spotify.com/v1/audio-analysis/2VIK6jaaKghS4QPHr6sAkv,254507,4
8,0.671,0.505,9,-7.575,1,0.0629,0.417,0.0,0.124,0.311,156.019,audio_features,0JTjZnuciQH4M3620aMDtZ,spotify:track:0JTjZnuciQH4M3620aMDtZ,https://api.spotify.com/v1/tracks/0JTjZnuciQH4M3620aMDtZ,https://api.spotify.com/v1/audio-analysis/0JTjZnuciQH4M3620aMDtZ,271093,4
9,0.712,0.817,1,-5.123,1,0.0279,0.0717,7.21e-06,0.146,0.679,100.016,audio_features,5D9MPWdY2hjSeTIGE5n5kv,spotify:track:5D9MPWdY2hjSeTIGE5n5kv,https://api.spotify.com/v1/tracks/5D9MPWdY2hjSeTIGE5n5kv,https://api.spotify.com/v1/audio-analysis/5D9MPWdY2hjSeTIGE5n5kv,243613,4
10,0.548,0.871,11,-5.377,1,0.123,0.0397,0.0,0.357,0.487,120.009,audio_features,2Gmyw5Vg2X5YW2lM3OC7nD,spotify:track:2Gmyw5Vg2X5YW2lM3OC7nD,https://api.spotify.com/v1/tracks/2Gmyw5Vg2X5YW2lM3OC7nD,https://api.spotify.com/v1/audio-analysis/2Gmyw5Vg2X5YW2lM3OC7nD,196497,4
11,0.559,0.448,8,-4.11,1,0.0275,0.537,1.85e-05,0.0915,0.354,148.02,audio_features,4Jv7U0JJpbQnOrjtDwDZTZ,spotify:track:4Jv7U0JJpbQnOrjtDwDZTZ,https://api.spotify.com/v1/tracks/4Jv7U0JJpbQnOrjtDwDZTZ,https://api.spotify.com/v1/audio-analysis/4Jv7U0JJpbQnOrjtDwDZTZ,296653,4
12,0.69,0.815,11,-5.227,0,0.0426,0.0157,2.85e-06,0.0636,0.613,94.032,audio_features,18nkY3pJTub8WwEGiQAGh4,spotify:track:18nkY3pJTub8WwEGiQAGh4,https://api.spotify.com/v1/tracks/18nkY3pJTub8WwEGiQAGh4,https://api.spotify.com/v1/audio-analysis/18nkY3pJTub8WwEGiQAGh4,200243,4
13,0.651,0.913,9,-5.667,0,0.0384,0.0437,0.00133,0.311,0.736,120.028,audio_features,32H7fwKsaYtSl6qiXFI6I6,spotify:track:32H7fwKsaYtSl6qiXFI6I6,https://api.spotify.com/v1/tracks/32H7fwKsaYtSl6qiXFI6I6,https://api.spotify.com/v1/audio-analysis/32H7fwKsaYtSl6qiXFI6I6,187267,4
14,0.633,0.723,8,-5.733,0,0.143,0.107,0.0,0.0818,0.688,103.101,audio_features,6H0PLsSYMzDOqhLgyOlzIj,spotify:track:6H0PLsSYMzDOqhLgyOlzIj,https://api.spotify.com/v1/tracks/6H0PLsSYMzDOqhLgyOlzIj,https://api.spotify.com/v1/audio-analysis/6H0PLsSYMzDOqhLgyOlzIj,264533,4
15,0.688,0.457,2,-8.635,1,0.0487,0.206,1.51e-05,0.406,0.445,87.99,audio_features,52RfEh76AVKPwtUtTV9ufl,spotify:track:52RfEh76AVKPwtUtTV9ufl,https://api.spotify.com/v1/tracks/52RfEh76AVKPwtUtTV9ufl,https://api.spotify.com/v1/audio-analysis/52RfEh76AVKPwtUtTV9ufl,296547,4
16,0.702,0.732,10,-6.803,1,0.0266,0.0749,0.0,0.297,0.636,100.0,audio_features,6IHWPY5iBUI1AOUclbtE6F,spotify:track:6IHWPY5iBUI1AOUclbtE6F,https://api.spotify.com/v1/tracks/6IHWPY5iBUI1AOUclbtE6F,https://api.spotify.com/v1/audio-analysis/6IHWPY5iBUI1AOUclbtE6F,262800,4
17,0.352,0.791,4,-3.27,0,0.0797,0.251,0.0,0.307,0.511,169.638,audio_features,1MwOfRqCALxvx9keUhGCdV,spotify:track:1MwOfRqCALxvx9keUhGCdV,https://api.spotify.com/v1/tracks/1MwOfRqCALxvx9keUhGCdV,https://api.spotify.com/v1/audio-analysis/1MwOfRqCALxvx9keUhGCdV,297997,4
18,0.466,0.584,11,-4.942,1,0.0323,0.153,0.0,0.224,0.663,169.923,audio_features,3k6o8UMc7aVgpKqm9epIrU,spotify:track:3k6o8UMc7aVgpKqm9epIrU,https://api.spotify.com/v1/tracks/3k6o8UMc7aVgpKqm9epIrU,https://api.spotify.com/v1/audio-analysis/3k6o8UMc7aVgpKqm9epIrU,237880,4
19,0.657,0.697,5,-7.392,1,0.0297,0.00105,0.0225,0.286,0.915,120.028,audio_features,18gB0d6DaRPvrQBbl7WEuk,spotify:track:18gB0d6DaRPvrQBbl7WEuk,https://api.spotify.com/v1/tracks/18gB0d6DaRPvrQBbl7WEuk,https://api.spotify.com/v1/audio-analysis/18gB0d6DaRPvrQBbl7WEuk,212000,4
20,0.619,0.941,8,-1.618,1,0.0584,0.0439,1.73e-05,0.318,0.624,137.967,audio_features,6IO5nn84TKArsi3cjpIqaD,spotify:track:6IO5nn84TKArsi3cjpIqaD,https://api.spotify.com/v1/tracks/6IO5nn84TKArsi3cjpIqaD,https://api.spotify.com/v1/audio-analysis/6IO5nn84TKArsi3cjpIqaD,242067,4
21,0.656,0.582,0,-5.85,1,0.0329,0.189,0.0,0.243,0.401,85.004,audio_features,3JzAKk0CpUlgzS1mPqzBwk,spotify:track:3JzAKk0CpUlgzS1mPqzBwk,https://api.spotify.com/v1/tracks/3JzAKk0CpUlgzS1mPqzBwk,https://api.spotify.com/v1/audio-analysis/3JzAKk0CpUlgzS1mPqzBwk,267587,4
22,0.652,0.846,10,-4.005,0,0.0374,0.0905,0.0,0.242,0.762,97.998,audio_features,0CZB07xMxIGRfCZT93ynFj,spotify:track:0CZB07xMxIGRfCZT93ynFj,https://api.spotify.com/v1/tracks/0CZB07xMxIGRfCZT93ynFj,https://api.spotify.com/v1/audio-analysis/0CZB07xMxIGRfCZT93ynFj,223600,4
23,0.456,0.873,7,-2.086,1,0.0496,0.0849,2.26e-06,0.051,0.604,205.959,audio_features,3mSqtn05vfpqAMpFTLsxpi,spotify:track:3mSqtn05vfpqAMpFTLsxpi,https://api.spotify.com/v1/tracks/3mSqtn05vfpqAMpFTLsxpi,https://api.spotify.com/v1/audio-analysis/3mSqtn05vfpqAMpFTLsxpi,239613,4
24,0.504,0.645,6,-3.244,1,0.0352,0.432,0.0,0.231,0.473,77.959,audio_features,6sElEqOIGENWjpxGFeo5ct,spotify:track:6sElEqOIGENWjpxGFeo5ct,https://api.spotify.com/v1/tracks/6sElEqOIGENWjpxGFeo5ct,https://api.spotify.com/v1/audio-analysis/6sElEqOIGENWjpxGFeo5ct,312053,4
25,0.786,0.482,6,-6.82,1,0.0477,0.156,0.0,0.34,0.617,89.992,audio_features,7xfPyBgb9om8iUooItxHl8,spotify:track:7xfPyBgb9om8iUooItxHl8,https://api.spotify.com/v1/tracks/7xfPyBgb9om8iUooItxHl8,https://api.spotify.com/v1/audio-analysis/7xfPyBgb9om8iUooItxHl8,174233,4
26,0.584,0.911,5,-3.515,0,0.09,0.0119,0.0,0.119,0.606,92.502,audio_features,6y4GYuZszeXNOXuBFsJlos,spotify:track:6y4GYuZszeXNOXuBFsJlos,https://api.spotify.com/v1/tracks/6y4GYuZszeXNOXuBFsJlos,https://api.spotify.com/v1/audio-analysis/6y4GYuZszeXNOXuBFsJlos,221426,4
27,0.799,0.676,2,-4.757,0,0.0564,0.0344,0.0,0.0991,0.663,108.004,audio_features,1ZGBwdBfy7M5XWGo4XoGlf,spotify:track:1ZGBwdBfy7M5XWGo4XoGlf,https://api.spotify.com/v1/tracks/1ZGBwdBfy7M5XWGo4XoGlf,https://api.spotify.com/v1/audio-analysis/1ZGBwdBfy7M5XWGo4XoGlf,146667,4
28,0.707,0.479,11,-6.088,1,0.0328,0.2,0.0,0.384,0.633,87.012,audio_features,6skNbV22epX2yHu4O2hYSx,spotify:track:6skNbV22epX2yHu4O2hYSx,https://api.spotify.com/v1/tracks/6skNbV22epX2yHu4O2hYSx,https://api.spotify.com/v1/audio-analysis/6skNbV22epX2yHu4O2hYSx,193709,4
29,0.595,0.642,11,-4.895,1,0.0544,0.178,0.0,0.091,0.562,157.674,audio_features,0Sp31BXc9dedQnfKYCiojE,spotify:track:0Sp31BXc9dedQnfKYCiojE,https://api.spotify.com/v1/tracks/0Sp31BXc9dedQnfKYCiojE,https://api.spotify.com/v1/audio-analysis/0Sp31BXc9dedQnfKYCiojE,186650,4
30,0.716,0.737,7,-5.671,0,0.0851,0.115,0.0,0.138,0.573,144.986,audio_features,7DTKSwO1kTAJDu9Q5U73UZ,spotify:track:7DTKSwO1kTAJDu9Q5U73UZ,https://api.spotify.com/v1/tracks/7DTKSwO1kTAJDu9Q5U73UZ,https://api.spotify.com/v1/audio-analysis/7DTKSwO1kTAJDu9Q5U73UZ,244107,4
31,0.629,0.91,11,-3.463,0,0.0507,0.0357,0.0,0.11,0.426,111.965,audio_features,0Ic9yiyHCoRCSvPoqTagat,spotify:track:0Ic9yiyHCoRCSvPoqTagat,https://api.spotify.com/v1/tracks/0Ic9yiyHCoRCSvPoqTagat,https://api.spotify.com/v1/audio-analysis/0Ic9yiyHCoRCSvPoqTagat,214587,4
32,0.599,0.891,1,-3.242,1,0.116,0.562,0.0,0.322,0.694,93.029,audio_features,172fMG26G2OoEzzg0wn26r,spotify:track:172fMG26G2OoEzzg0wn26r,https://api.spotify.com/v1/tracks/172fMG26G2OoEzzg0wn26r,https://api.spotify.com/v1/audio-analysis/172fMG26G2OoEzzg0wn26r,276373,4
33,0.422,0.969,7,-0.824,1,0.0591,0.00585,0.0,0.533,0.496,92.524,audio_features,7tGDXCPLpAScEwmqab9YZd,spotify:track:7tGDXCPLpAScEwmqab9YZd,https://api.spotify.com/v1/tracks/7tGDXCPLpAScEwmqab9YZd,https://api.spotify.com/v1/audio-analysis/7tGDXCPLpAScEwmqab9YZd,223187,4
34,0.645,0.862,11,-4.757,0,0.0965,0.0923,0.0,0.192,0.798,119.991,audio_features,5KawlOMHjWeUjQtnuRs22c,spotify:track:5KawlOMHjWeUjQtnuRs22c,https://api.spotify.com/v1/tracks/5KawlOMHjWeUjQtnuRs22c,https://api.spotify.com/v1/audio-analysis/5KawlOMHjWeUjQtnuRs22c,229773,4
35,0.31,0.891,4,-1.66,1,0.0469,0.00157,0.0,0.284,0.748,184.886,audio_features,5BC6kr6etk2Y9J62AyI4i3,spotify:track:5BC6kr6etk2Y9J62AyI4i3,https://api.spotify.com/v1/tracks/5BC6kr6etk2Y9J62AyI4i3,https://api.spotify.com/v1/audio-analysis/5BC6kr6etk2Y9J62AyI4i3,270027,4
36,0.681,0.603,6,-5.963,1,0.0304,0.157,0.0,0.126,0.261,98.951,audio_features,6D5E8pz4YKYrjY9BqROTox,spotify:track:6D5E8pz4YKYrjY9BqROTox,https://api.spotify.com/v1/tracks/6D5E8pz4YKYrjY9BqROTox,https://api.spotify.com/v1/audio-analysis/6D5E8pz4YKYrjY9BqROTox,271453,4
37,0.425,0.939,2,-3.498,1,0.054,0.00361,0.0,0.331,0.638,150.015,audio_features,4W29WmnGN1FlufURaBt8yw,spotify:track:4W29WmnGN1FlufURaBt8yw,https://api.spotify.com/v1/tracks/4W29WmnGN1FlufURaBt8yw,https://api.spotify.com/v1/audio-analysis/4W29WmnGN1FlufURaBt8yw,224806,4
38,0.635,0.578,8,-6.749,1,0.132,0.539,0.0,0.115,0.584,77.065,audio_features,25BJRpLBe3i6d8okphoRAm,spotify:track:25BJRpLBe3i6d8okphoRAm,https://api.spotify.com/v1/tracks/25BJRpLBe3i6d8okphoRAm,https://api.spotify.com/v1/audio-analysis/25BJRpLBe3i6d8okphoRAm,273893,4
39,0.438,0.646,1,-5.301,1,0.0361,0.124,0.0,0.0603,0.745,102.033,audio_features,2SihT7AVMiI2VtaAyVIcnO,spotify:track:2SihT7AVMiI2VtaAyVIcnO,https://api.spotify.com/v1/tracks/2SihT7AVMiI2VtaAyVIcnO,https://api.spotify.com/v1/audio-analysis/2SihT7AVMiI2VtaAyVIcnO,200219,4
40,0.583,0.627,1,-5.842,1,0.201,0.185,0.0,0.159,0.805,172.016,audio_features,6uUtmCz8XXep7n1QmC1jJG,spotify:track:6uUtmCz8XXep7n1QmC1jJG,https://api.spotify.com/v1/tracks/6uUtmCz8XXep7n1QmC1jJG,https://api.spotify.com/v1/audio-analysis/6uUtmCz8XXep7n1QmC1jJG,185379,4
41,0.541,0.977,4,-2.828,0,0.157,0.00321,5.13e-05,0.0796,0.263,134.938,audio_features,0qMip0B2D4ePEjBJvAtYre,spotify:track:0qMip0B2D4ePEjBJvAtYre,https://api.spotify.com/v1/tracks/0qMip0B2D4ePEjBJvAtYre,https://api.spotify.com/v1/audio-analysis/0qMip0B2D4ePEjBJvAtYre,237587,4
42,0.566,0.716,1,-5.733,1,0.0424,0.00691,0.0,0.37,0.45,81.068,audio_features,249gnXrbfmV8NG6jTEMSwD,spotify:track:249gnXrbfmV8NG6jTEMSwD,https://api.spotify.com/v1/tracks/249gnXrbfmV8NG6jTEMSwD,https://api.spotify.com/v1/audio-analysis/249gnXrbfmV8NG6jTEMSwD,207481,4
43,0.479,0.872,11,-5.11,0,0.0538,0.000833,2.1e-06,0.0784,0.544,170.037,audio_features,5lkk7V7MbxxVbJ93qUO81D,spotify:track:5lkk7V7MbxxVbJ93qUO81D,https://api.spotify.com/v1/tracks/5lkk7V7MbxxVbJ93qUO81D,https://api.spotify.com/v1/audio-analysis/5lkk7V7MbxxVbJ93qUO81D,337133,4
44,0.525,0.646,11,-4.963,1,0.0268,0.304,0.0,0.297,0.373,86.957,audio_features,04TshWXkhV1qkqHzf31Hn6,spotify:track:04TshWXkhV1qkqHzf31Hn6,https://api.spotify.com/v1/tracks/04TshWXkhV1qkqHzf31Hn6,https://api.spotify.com/v1/audio-analysis/04TshWXkhV1qkqHzf31Hn6,255827,4
45,0.753,0.574,3,-4.57,1,0.0483,0.0512,3.71e-06,0.141,0.527,89.024,audio_features,6NKn02oJDkUkRa9IHbMe3n,spotify:track:6NKn02oJDkUkRa9IHbMe3n,https://api.spotify.com/v1/tracks/6NKn02oJDkUkRa9IHbMe3n,https://api.spotify.com/v1/audio-analysis/6NKn02oJDkUkRa9IHbMe3n,290000,4
46,0.748,0.661,5,-6.702,1,0.0334,0.157,0.00102,0.101,0.743,90.003,audio_features,398dL22bDbKbAmiOnPaq7o,spotify:track:398dL22bDbKbAmiOnPaq7o,https://api.spotify.com/v1/tracks/398dL22bDbKbAmiOnPaq7o,https://api.spotify.com/v1/audio-analysis/398dL22bDbKbAmiOnPaq7o,256773,4
47,0.678,0.343,1,-6.559,1,0.0292,0.286,0.0,0.0836,0.574,92.019,audio_features,6amRvd3cJjQXJUnfjNboLU,spotify:track:6amRvd3cJjQXJUnfjNboLU,https://api.spotify.com/v1/tracks/6amRvd3cJjQXJUnfjNboLU,https://api.spotify.com/v1/audio-analysis/6amRvd3cJjQXJUnfjNboLU,192165,4
48,0.545,0.745,2,-3.098,1,0.0286,0.0452,0.0,0.0907,0.413,106.094,audio_features,2cKiHG16JBiqHdi7Llq0r7,spotify:track:2cKiHG16JBiqHdi7Llq0r7,https://api.spotify.com/v1/tracks/2cKiHG16JBiqHdi7Llq0r7,https://api.spotify.com/v1/audio-analysis/2cKiHG16JBiqHdi7Llq0r7,306627,4
49,0.723,0.634,1,-5.415,1,0.0542,0.0892,0.0,0.0787,0.582,129.017,audio_features,3Ys2PYl1wyPKQIwyqhP9cQ,spotify:track:3Ys2PYl1wyPKQIwyqhP9cQ,https://api.spotify.com/v1/tracks/3Ys2PYl1wyPKQIwyqhP9cQ,https://api.spotify.com/v1/audio-analysis/3Ys2PYl1wyPKQIwyqhP9cQ,243267,4
50,0.715,0.722,5,-4.62,1,0.0348,0.197,0.0,0.114,0.522,89.995,audio_features,19fhOFi6pNGeZe5uiFlm7c,spotify:track:19fhOFi6pNGeZe5uiFlm7c,https://api.spotify.com/v1/tracks/19fhOFi6pNGeZe5uiFlm7c,https://api.spotify.com/v1/audio-analysis/19fhOFi6pNGeZe5uiFlm7c,215333,4
51,0.647,0.9,1,-2.383,1,0.113,0.0237,0.0225,0.314,0.746,175.926,audio_features,0nW1Aes1arNyR1fzEKXS2m,spotify:track:0nW1Aes1arNyR1fzEKXS2m,https://api.spotify.com/v1/tracks/0nW1Aes1arNyR1fzEKXS2m,https://api.spotify.com/v1/audio-analysis/0nW1Aes1arNyR1fzEKXS2m,190493,4
52,0.482,0.602,11,-4.365,1,0.0303,0.0702,0.0,0.0677,0.535,145.988,audio_features,4FMz2RFrbDGzJO7K4D0vS3,spotify:track:4FMz2RFrbDGzJO7K4D0vS3,https://api.spotify.com/v1/tracks/4FMz2RFrbDGzJO7K4D0vS3,https://api.spotify.com/v1/audio-analysis/4FMz2RFrbDGzJO7K4D0vS3,258333,4
53,0.622,0.475,0,-6.199,1,0.036,0.512,0.0,0.127,0.388,79.954,audio_features,5hVAQTNarrb3lmWqg9Ens4,spotify:track:5hVAQTNarrb3lmWqg9Ens4,https://api.spotify.com/v1/tracks/5hVAQTNarrb3lmWqg9Ens4,https://api.spotify.com/v1/audio-analysis/5hVAQTNarrb3lmWqg9Ens4,246000,4
54,0.534,0.794,8,-3.738,1,0.0402,0.334,0.00093,0.159,0.711,179.976,audio_features,5ptl2PXkiSth54HCuGO7vN,spotify:track:5ptl2PXkiSth54HCuGO7vN,https://api.spotify.com/v1/tracks/5ptl2PXkiSth54HCuGO7vN,https://api.spotify.com/v1/audio-analysis/5ptl2PXkiSth54HCuGO7vN,240747,4
55,0.54,0.923,9,-2.838,1,0.0623,0.066,0.0,0.124,0.343,137.977,audio_features,2jdbZGFp8KVTuk0YxDNL4l,spotify:track:2jdbZGFp8KVTuk0YxDNL4l,https://api.spotify.com/v1/tracks/2jdbZGFp8KVTuk0YxDNL4l,https://api.spotify.com/v1/audio-analysis/2jdbZGFp8KVTuk0YxDNL4l,294813,4
56,0.621,0.87,0,-6.157,1,0.0436,0.00165,2.04e-05,0.346,0.822,137.994,audio_features,7nWkch2lxmVbHOgKabM8qd,spotify:track:7nWkch2lxmVbHOgKabM8qd,https://api.spotify.com/v1/tracks/7nWkch2lxmVbHOgKabM8qd,https://api.spotify.com/v1/audio-analysis/7nWkch2lxmVbHOgKabM8qd,279617,4
57,0.78,0.885,7,-3.745,1,0.122,0.0436,2.8e-05,0.105,0.808,160.087,audio_features,1LnJVIG1BaHTRznuOgR0yc,spotify:track:1LnJVIG1BaHTRznuOgR0yc,https://api.spotify.com/v1/tracks/1LnJVIG1BaHTRznuOgR0yc,https://api.spotify.com/v1/audio-analysis/1LnJVIG1BaHTRznuOgR0yc,184521,4
58,0.679,0.834,5,-3.223,1,0.032,0.343,5.74e-06,0.119,0.962,139.996,audio_features,3wJHCry960drNlAUGrJLmz,spotify:track:3wJHCry960drNlAUGrJLmz,https://api.spotify.com/v1/tracks/3wJHCry960drNlAUGrJLmz,https://api.spotify.com/v1/audio-analysis/3wJHCry960drNlAUGrJLmz,198971,4
59,0.683,0.53,6,-6.749,0,0.0614,0.142,0.0,0.0978,0.823,159.969,audio_features,2T7ZvJAtL7xK04ww5rbmvo,spotify:track:2T7ZvJAtL7xK04ww5rbmvo,https://api.spotify.com/v1/tracks/2T7ZvJAtL7xK04ww5rbmvo,https://api.spotify.com/v1/audio-analysis/2T7ZvJAtL7xK04ww5rbmvo,221250,4
60,0.262,0.47,5,-4.663,1,0.0433,0.0429,0.0,0.236,0.307,75.096,audio_features,006u4CXVO2cusq08RrMElQ,spotify:track:006u4CXVO2cusq08RrMElQ,https://api.spotify.com/v1/tracks/006u4CXVO2cusq08RrMElQ,https://api.spotify.com/v1/audio-analysis/006u4CXVO2cusq08RrMElQ,332286,4
61,0.508,0.964,9,-4.077,1,0.0831,0.00141,0.0,0.197,0.609,134.982,audio_features,0ve9Tpz8Yw0I4eXhWsy21o,spotify:track:0ve9Tpz8Yw0I4eXhWsy21o,https://api.spotify.com/v1/tracks/0ve9Tpz8Yw0I4eXhWsy21o,https://api.spotify.com/v1/audio-analysis/0ve9Tpz8Yw0I4eXhWsy21o,248707,4
62,0.825,0.652,1,-3.183,0,0.0802,0.581,0.0,0.0931,0.931,95.977,audio_features,7qiZfU4dY1lWllzX7mPBI3,spotify:track:7qiZfU4dY1lWllzX7mPBI3,https://api.spotify.com/v1/tracks/7qiZfU4dY1lWllzX7mPBI3,https://api.spotify.com/v1/audio-analysis/7qiZfU4dY1lWllzX7mPBI3,233713,4
63,0.593,0.663,0,-6.325,0,0.0834,0.0664,0.0,0.306,0.559,186.083,audio_features,118KEprYqS3XNWdBoKzkEH,spotify:track:118KEprYqS3XNWdBoKzkEH,https://api.spotify.com/v1/tracks/118KEprYqS3XNWdBoKzkEH,https://api.spotify.com/v1/audio-analysis/118KEprYqS3XNWdBoKzkEH,168982,4
64,0.262,0.47,5,-4.663,1,0.0433,0.0429,0.0,0.236,0.307,75.096,audio_features,2YQ8TlTmNheRI3VafoDpod,spotify:track:2YQ8TlTmNheRI3VafoDpod,https://api.spotify.com/v1/tracks/2YQ8TlTmNheRI3VafoDpod,https://api.spotify.com/v1/audio-analysis/2YQ8TlTmNheRI3VafoDpod,332286,4
65,0.519,0.713,2,-3.612,1,0.0324,0.0178,0.0,0.353,0.505,159.963,audio_features,3QIAwtEEDOrv0g5NKCGrXZ,spotify:track:3QIAwtEEDOrv0g5NKCGrXZ,https://api.spotify.com/v1/tracks/3QIAwtEEDOrv0g5NKCGrXZ,https://api.spotify.com/v1/audio-analysis/3QIAwtEEDOrv0g5NKCGrXZ,286053,4
66,0.669,0.928,11,-2.926,0,0.0699,0.252,0.0,0.0686,0.963,174.004,audio_features,3bbIIVIwBoLqVcLebiEJFo,spotify:track:3bbIIVIwBoLqVcLebiEJFo,https://api.spotify.com/v1/tracks/3bbIIVIwBoLqVcLebiEJFo,https://api.spotify.com/v1/audio-analysis/3bbIIVIwBoLqVcLebiEJFo,236840,4
